[{"model": "auth.user", "fields": {"password": "pbkdf2_sha256$1000000$ID1pl55PE8rkIY23SdP2wV$V5OF1lH6OXa1imXdLr4ohJHP3ylQ6wq2ZVtcfCquG5w=", "last_login": "2026-02-21T13:25:59.387Z", "is_superuser": true, "username": "admin", "first_name": "", "last_name": "", "email": "ss@gmail.com", "is_staff": true, "is_active": true, "date_joined": "2026-02-17T20:32:13.833Z", "groups": [], "user_permissions": []}}, {"model": "sessions.session", "pk": "0541qqvrxrnh4gaeypbtom8d2dgly4ep", "fields": {"session_data": "eyJkamFuZ29fbGFuZ3VhZ2UiOiJ1ayJ9:1vuE1T:TDWsSxyYme4KRU_8FfFGPHVVhACiuug-lscyp8F9Kmo", "expire_date": "2026-03-08T18:17:39.399Z"}}, {"model": "sessions.session", "pk": "07krs61yt39scei7mnog2qw17uqeal7a", "fields": {"session_data": "eyJkamFuZ29fbGFuZ3VhZ2UiOiJ1ayJ9:1vtn3x:6ebHFn36td-O5sVHRpBgTv_Vk7BWOr7lGGjI-wGwkuc", "expire_date": "2026-03-07T13:30:25.153Z"}}, {"model": "sessions.session", "pk": "0fgggb90a0abzw1ep8te9jn61924oxco", "fields": {"session_data": "eyJkamFuZ29fbGFuZ3VhZ2UiOiJ1ayJ9:1vsRjC:VB54j3QO2TK0aj839n2XOlrf13Iyrhje33u_8uFxQRQ", "expire_date": "2026-03-03T20:31:26.113Z"}}, {"model": "sessions.session", "pk": "0n757qbkpr881de95z7wv1tbya1u7ilj", "fields": {"session_data": "eyJkamFuZ29fbGFuZ3VhZ2UiOiJ1ayJ9:1vt2J9:ksVoA7iD3oAakHEcmCjaURWsMULrfpnPDGReSeZAB68", "expire_date": "2026-03-05T11:34:59.171Z"}}, {"model": "sessions.session", "pk": "0qpu4x894k87jlcy804uzhhzhzxslkr1", "fields": {"session_data": "eyJkamFuZ29fbGFuZ3VhZ2UiOiJ1ayJ9:1vt28H:eZjOKUSnuGcUISLxj1NEzW7oTKZkZYhSalZqFn32vdA", "expire_date": "2026-03-05T11:23:45.517Z"}}, {"model": "sessions.session", "pk": "0smn2bkedxnz93yzudisd2zhc7r40zf6", "fields": {"session_data": "eyJkamFuZ29fbGFuZ3VhZ2UiOiJ1ayJ9:1vsnaa:kePLn56KLoYbxTqCgTFIHJLjLWwFwPFMnyqQ8Ksi8xI", "expire_date": "2026-03-04T19:52:00.472Z"}}, {"model": "sessions.session", "pk": "19bvkatw9shpaak15dxxli6xnridrua4", "fields": {"session_data": "eyJkamFuZ29fbGFuZ3VhZ2UiOiJ1ayJ9:1vtYcZ:46sLyeu4OsITdGJpGwvOFGgi7TQD38mmmTiT7mCd2MQ", "expire_date": "2026-03-06T22:05:11.848Z"}}, {"model": "sessions.session", "pk": "1gna8v560ioxril9hjqbwvqx5w5yf6vq", "fields": {"session_data": "eyJkamFuZ29fbGFuZ3VhZ2UiOiJ1ayJ9:1vuWtK:6c4eaXvyd63mF5oE2a6zeHwNc8BAY2a6OrWZx_Np7OU", "expire_date": "2026-03-09T14:26:30.113Z"}}, {"model": "sessions.session", "pk": "1lw25ny9hh4cbugsidlwpr8hcw9s97wu", "fields": {"session_data": ".eJxVjEEKwyAQRe_iuki0VmOX3ecMMuoY0wQDMa5K794JzSYMzMB_78-HxTeUcXUL7QYjsidrM7sxB23PrlXc3BQpFNfMQ5ixHODf52Et-zZ5fij8pJUPa8TldbqXBxlqpra2SvY6AaqoZTAWRBLW3rtHCt5bGqkjEO-MR00SWiPp9EFgklpJ9v0BnZ1AXQ:1vt2Bk:uvaoHpGZNISHfdIpAzSi4U5fQ4E3wpMyJqthP62mua0", "expire_date": "2026-03-05T11:27:20.208Z"}}, {"model": "sessions.session", "pk": "1rooogo3vrd9qciv04jjvw3q9hxjchwa", "fields": {"session_data": "eyJkamFuZ29fbGFuZ3VhZ2UiOiJ1ayJ9:1vscti:juXCs1_OUrS-32l7ALbkce-ipRdNMio-IYZVvQj9d0g", "expire_date": "2026-03-04T08:27:02.734Z"}}, {"model": "sessions.session", "pk": "26grdhso3fyvuv09gaq06id92so3tm5e", "fields": {"session_data": "eyJkamFuZ29fbGFuZ3VhZ2UiOiJ1ayJ9:1vuWrk:2QITIR5jD9udKbzcPHXDOA9r3kjdqIRsFOtcMLV1vDw", "expire_date": "2026-03-09T14:24:52.075Z"}}, {"model": "sessions.session", "pk": "2j1ihpluctjegjxdtwl0f5aa9hsk5oz4", "fields": {"session_data": "eyJkamFuZ29fbGFuZ3VhZ2UiOiJ1ayJ9:1vuXHU:XdcQ8H6gXpiInjYurpPUJGHoJJA8vMRpPTZpf6jR32I", "expire_date": "2026-03-09T14:51:28.648Z"}}, {"model": "sessions.session", "pk": "2jh31grmykvnc7bh0xihr7t52rchou9c", "fields": {"session_data": "eyJkamFuZ29fbGFuZ3VhZ2UiOiJ1ayJ9:1vuOyW:-uH2fN89Ti0mBS56WrNA11JKfBHhmhpX0naZx9JTus4", "expire_date": "2026-03-09T05:59:20.607Z"}}, {"model": "sessions.session", "pk": "33g3whddydp5pnwvx96mmsllcjlhl9xi", "fields": {"session_data": "eyJkamFuZ29fbGFuZ3VhZ2UiOiJ1ayJ9:1vtM4z:UZTc8pI1qvTYdz6wtAcRhyf3ar6C5pq1-c_Upe_bVGw", "expire_date": "2026-03-06T08:41:41.741Z"}}, {"model": "sessions.session", "pk": "37rhdks0eyynnngpd88xmzlpvoo2k8lx", "fields": {"session_data": "eyJkamFuZ29fbGFuZ3VhZ2UiOiJ1ayJ9:1vt2JA:67QnPORMKSX7IRaGrdczJp78vhpjf1yejtQfn3nBXrI", "expire_date": "2026-03-05T11:35:00.876Z"}}, {"model": "sessions.session", "pk": "37wy31jiccz6sqqu9elojyvguiidno5j", "fields": {"session_data": "eyJkamFuZ29fbGFuZ3VhZ2UiOiJ1ayJ9:1vuY42:E8KlLd2sKOSuasZuMFNXaONgx7O9uiImCSCTQW_jiUc", "expire_date": "2026-03-09T15:41:38.538Z"}}, {"model": "sessions.session", "pk": "3f0ugu4zoyp3emdh6pyiv1en1vfvcnxd", "fields": {"session_data": "eyJkamFuZ29fbGFuZ3VhZ2UiOiJ1ayJ9:1vt2Kn:oRJibSSETnpzgbckdrnH6Pixbbu2JIh4jOlNzVdbSfg", "expire_date": "2026-03-05T11:36:41.705Z"}}, {"model": "sessions.session", "pk": "3qy2ch2pg1r0hpg9wqnu5v4zctt5bo0x", "fields": {"session_data": "eyJkamFuZ29fbGFuZ3VhZ2UiOiJ1ayJ9:1vtPAH:XA_OEpYVF4k_zjnw3K5BLVSrOcZyqGEqx5bCvSIjo54", "expire_date": "2026-03-06T11:59:21.075Z"}}, {"model": "sessions.session", "pk": "3t3q88z4cudw441vmnkqz1ehfq3f4qim", "fields": {"session_data": "eyJkamFuZ29fbGFuZ3VhZ2UiOiJ1ayJ9:1vuWrc:0mvwO_kqjUSF71jFW9agasTJpq3S69ecryQzzVhvE7g", "expire_date": "2026-03-09T14:24:44.865Z"}}, {"model": "sessions.session", "pk": "4b1296snbadxii4w1uzlg8vor1r8g5dz", "fields": {"session_data": "eyJkamFuZ29fbGFuZ3VhZ2UiOiJ1ayJ9:1vtW38:fDBF0Ww7_LYQQ51EEzK3Qb3xq8oya_PZdbXZWOE9rrA", "expire_date": "2026-03-06T19:20:26.270Z"}}, {"model": "sessions.session", "pk": "4e5fbxzif6hw0yk5m5ecnrscjywq94bq", "fields": {"session_data": "eyJkamFuZ29fbGFuZ3VhZ2UiOiJ1ayJ9:1vuWtK:6c4eaXvyd63mF5oE2a6zeHwNc8BAY2a6OrWZx_Np7OU", "expire_date": "2026-03-09T14:26:30.773Z"}}, {"model": "sessions.session", "pk": "55wwheqejanvqurjql46g1wyp34j7kej", "fields": {"session_data": "eyJkamFuZ29fbGFuZ3VhZ2UiOiJ1ayJ9:1vtmrM:B6qO8VSkqxonpdOzJ7M-UXDmkRGFDofZgZsd_L8LZ8U", "expire_date": "2026-03-07T13:17:24.771Z"}}, {"model": "sessions.session", "pk": "5a6pzag706onohpkwb5d8niycyar84p7", "fields": {"session_data": "eyJkamFuZ29fbGFuZ3VhZ2UiOiJ1ayJ9:1vsS0Y:SAdLyuyWMFXLqSjtunTt8lV2IjlwKWZGnxST_wh--Jc", "expire_date": "2026-03-03T20:49:22.473Z"}}, {"model": "sessions.session", "pk": "5k4s8zq7ch3itxq9a8zwow51k5qndt4w", "fields": {"session_data": "eyJkamFuZ29fbGFuZ3VhZ2UiOiJ1ayJ9:1vsS3j:qLQk7ik8CWFZjj0rhXwDgWrNQlBVgUk3IOw6cgUTZMg", "expire_date": "2026-03-03T20:52:39.209Z"}}, {"model": "sessions.session", "pk": "5lr6xi25nvgsxgw4pet7ma9rnkhuz2h9", "fields": {"session_data": "eyJkamFuZ29fbGFuZ3VhZ2UiOiJ1ayJ9:1vtM5G:slvnHRp9Nh9ubCPv7IOjLkKuNhtRVB0q7QxnlotiXlo", "expire_date": "2026-03-06T08:41:58.288Z"}}, {"model": "sessions.session", "pk": "5udhnwoxkras543obm6k2kbp8i1ekw7p", "fields": {"session_data": "eyJkamFuZ29fbGFuZ3VhZ2UiOiJ1ayJ9:1vuOyX:cEulf5Yr5UkKFZgYZcj_YQtewU2JJkoOe1PUaOrpRn0", "expire_date": "2026-03-09T05:59:21.675Z"}}, {"model": "sessions.session", "pk": "5uvr60ar7aihdir7g4sxwm400pvcpdnw", "fields": {"session_data": "eyJkamFuZ29fbGFuZ3VhZ2UiOiJ1ayJ9:1vt9ct:te6fTo0R2lCskmcy54eq5zSkadmFowIY2s4w8wa9kBA", "expire_date": "2026-03-05T19:23:51.181Z"}}, {"model": "sessions.session", "pk": "6id246q1phqkyhn48q5tqvxpv1l7b550", "fields": {"session_data": "eyJkamFuZ29fbGFuZ3VhZ2UiOiJ1ayJ9:1vuWrc:0mvwO_kqjUSF71jFW9agasTJpq3S69ecryQzzVhvE7g", "expire_date": "2026-03-09T14:24:44.704Z"}}, {"model": "sessions.session", "pk": "6sv2o4spwknx1wwdvl52o9fikj7bjmtn", "fields": {"session_data": "eyJkamFuZ29fbGFuZ3VhZ2UiOiJ1ayJ9:1vt2Qm:ASkXICdn9yNJde7HpywO_CnNu9YRjfjnCIBfJr8FR0c", "expire_date": "2026-03-05T11:42:52.967Z"}}, {"model": "sessions.session", "pk": "71jguagu192d2ol3vrxm06fg0dgmdftq", "fields": {"session_data": "eyJkamFuZ29fbGFuZ3VhZ2UiOiJ1ayJ9:1vt2JR:gNu-LBQOyU27ywZb6gUloLQv1LhCqXYGFzXHbp1lTSg", "expire_date": "2026-03-05T11:35:17.577Z"}}, {"model": "sessions.session", "pk": "7c954uw3rl4q0c4rkrw5zb08l84u8qy3", "fields": {"session_data": "eyJkamFuZ29fbGFuZ3VhZ2UiOiJ1ayJ9:1vt6SF:8cYUvlVp9MpyZVdZCXVWwsfMcBQ-CY-U7U5IH3IE8Ek", "expire_date": "2026-03-05T16:00:39.552Z"}}, {"model": "sessions.session", "pk": "7yymb71dgp4alxw9gh4ajn7d39ryl1ou", "fields": {"session_data": "eyJkamFuZ29fbGFuZ3VhZ2UiOiJ1ayJ9:1vuOyX:cEulf5Yr5UkKFZgYZcj_YQtewU2JJkoOe1PUaOrpRn0", "expire_date": "2026-03-09T05:59:21.300Z"}}, {"model": "sessions.session", "pk": "8ptwb5u8p9omk005c9xyb57ahg8vwta7", "fields": {"session_data": "eyJkamFuZ29fbGFuZ3VhZ2UiOiJ1ayJ9:1vt8A0:i5VucvEFNex4n02bvTlPW_9ZBVW7_ppqTgVYEugxVi4", "expire_date": "2026-03-05T17:49:56.259Z"}}, {"model": "sessions.session", "pk": "8xxkggu5pp20ti3u5n9u1bo2mobzynji", "fields": {"session_data": "eyJkamFuZ29fbGFuZ3VhZ2UiOiJ1ayJ9:1vt8A2:3NdVe7-Gv5PXnNm9V-c1eKypJUbQJaC0uyW4QSLVN-g", "expire_date": "2026-03-05T17:49:58.195Z"}}, {"model": "sessions.session", "pk": "9645d6ditta0t259tca8r344swl5kjda", "fields": {"session_data": "eyJkamFuZ29fbGFuZ3VhZ2UiOiJ1ayJ9:1vuXBm:SS9B3R5l7QDhYZs_NRrf0whMQnvjDnMiKbL0oXIjr8Q", "expire_date": "2026-03-09T14:45:34.269Z"}}, {"model": "sessions.session", "pk": "9n39jomxt26270k5lckerbr18rihzn0o", "fields": {"session_data": ".eJxVjsEOgyAQRP-Fc0OEUhSPvfcbyAKLWg0kCifjv3dNPbTZZDeZmX2ZnVmoZbR1w9VOgfVMsNuv5sDPmE4jvCENmfucyjo5fkb45W78lQMuzyv7BxhhG-lbGyU7HQFV0NK3BkQUxtybR_TOGRqpA5DftA41hdC0kk7nBUaplSTot4BdaFcYkKB1JtnDWli_H8cH8xVDqQ:1vuWts:pasjElt17WBtUPQVly3BJdT_JPf-T44qVkilGndY4z4", "expire_date": "2026-03-09T14:27:04.625Z"}}, {"model": "sessions.session", "pk": "9pr872lu46xyry83vv6lq2cvwmmkpy0r", "fields": {"session_data": "eyJkamFuZ29fbGFuZ3VhZ2UiOiJ1ayJ9:1vt2At:_RdvOpwHYGXT669Qy4baVXdg0bgvTC8qV5vwfg7oETs", "expire_date": "2026-03-05T11:26:27.963Z"}}, {"model": "sessions.session", "pk": "9sz9goc421s6mrlb150spkbcicdbl8yp", "fields": {"session_data": "eyJkamFuZ29fbGFuZ3VhZ2UiOiJ1ayJ9:1vt2JP:HND5EGvQy63cu-A0eqvTISmcm9jGKxEiEoqMMxHj1_g", "expire_date": "2026-03-05T11:35:15.640Z"}}, {"model": "sessions.session", "pk": "a215xhojrx30n5ixb2c32drx2yu9uy81", "fields": {"session_data": "eyJkamFuZ29fbGFuZ3VhZ2UiOiJ1ayJ9:1vtM5D:-yTVqJ0JxpxgSaoll804PMqGfnf9wzPu6nzplbbccMg", "expire_date": "2026-03-06T08:41:55.185Z"}}, {"model": "sessions.session", "pk": "a8drl6pmlxz8dqx4w8qjl34q6qugkplb", "fields": {"session_data": "eyJkamFuZ29fbGFuZ3VhZ2UiOiJ1ayJ9:1vuOyW:-uH2fN89Ti0mBS56WrNA11JKfBHhmhpX0naZx9JTus4", "expire_date": "2026-03-09T05:59:20.479Z"}}, {"model": "sessions.session", "pk": "ai72judtgddy4stuxdapdtq3wpmz9ysf", "fields": {"session_data": "eyJkamFuZ29fbGFuZ3VhZ2UiOiJ1ayJ9:1vt6Ry:rcjj-8SCtve2uCCSS4G8rtgfSvHBbWVUeaaFwdrclhw", "expire_date": "2026-03-05T16:00:22.557Z"}}, {"model": "sessions.session", "pk": "aodc3i7xkhswz334398775l499gu11ue", "fields": {"session_data": "eyJkamFuZ29fbGFuZ3VhZ2UiOiJ1ayJ9:1vtmrb:t34RCc78FS61tmQKzXuCFidUhtPtDXOoeMbjMZc3mIM", "expire_date": "2026-03-07T13:17:39.923Z"}}, {"model": "sessions.session", "pk": "aosrfw74qabxayx33riyww965z28ltdn", "fields": {"session_data": "eyJkamFuZ29fbGFuZ3VhZ2UiOiJ1ayJ9:1vuOyX:cEulf5Yr5UkKFZgYZcj_YQtewU2JJkoOe1PUaOrpRn0", "expire_date": "2026-03-09T05:59:21.393Z"}}, {"model": "sessions.session", "pk": "au3q33vrsczsk0sja62ihzh44gq9khmr", "fields": {"session_data": "eyJkamFuZ29fbGFuZ3VhZ2UiOiJ1ayJ9:1vtmjs:hjfndUEu0-uVwjRYMdolY4UD6JHwlrhlPhVqhPrheBs", "expire_date": "2026-03-07T13:09:40.965Z"}}, {"model": "sessions.session", "pk": "au5joj8q4763ov8m4fmablq20jkp9fps", "fields": {"session_data": "eyJkamFuZ29fbGFuZ3VhZ2UiOiJ1ayJ9:1vt2Qn:hCQrAzWK8eom7m0lkno6IN0nM_QKYbYi5yn1rw1cDew", "expire_date": "2026-03-05T11:42:53.327Z"}}, {"model": "sessions.session", "pk": "b0uld0bj8ojhcn0e7bs6t48gufa0g9rt", "fields": {"session_data": "eyJkamFuZ29fbGFuZ3VhZ2UiOiJ1ayJ9:1vtYcY:idJdHDsaDDxx7-PXOkBVxR67oGjcoFBhQQ4V2tEbKQU", "expire_date": "2026-03-06T22:05:10.249Z"}}, {"model": "sessions.session", "pk": "b52xdmxkpehw76ptsnu15i1ixn03n5sn", "fields": {"session_data": "eyJkamFuZ29fbGFuZ3VhZ2UiOiJ1ayJ9:1vtn0X:aTF8qRkfbSRu-W9mNELUoDhggFaNFuwLZ-08v5n8XqI", "expire_date": "2026-03-07T13:26:53.865Z"}}, {"model": "sessions.session", "pk": "bce0s0jrk1ds7hs9jh3fwg2z9ersq445", "fields": {"session_data": "eyJkamFuZ29fbGFuZ3VhZ2UiOiJ1ayJ9:1vtn0X:aTF8qRkfbSRu-W9mNELUoDhggFaNFuwLZ-08v5n8XqI", "expire_date": "2026-03-07T13:26:53.301Z"}}, {"model": "sessions.session", "pk": "bfutvojlby09i4geqpmg20u3fl3jjc8q", "fields": {"session_data": "eyJkamFuZ29fbGFuZ3VhZ2UiOiJ1ayJ9:1vtlr0:jqfKh7rzS4IW1t50KRYMVbeBRfhxysG1P1HeBpslOzI", "expire_date": "2026-03-07T12:12:58.726Z"}}, {"model": "sessions.session", "pk": "bjrk7b6zqx3juwt5z5yi9y4yrqg1arp9", "fields": {"session_data": "eyJkamFuZ29fbGFuZ3VhZ2UiOiJ1ayJ9:1vt6Ry:rcjj-8SCtve2uCCSS4G8rtgfSvHBbWVUeaaFwdrclhw", "expire_date": "2026-03-05T16:00:22.499Z"}}, {"model": "sessions.session", "pk": "btuf9v49b90paeem65pj6z4qs9iyx0kh", "fields": {"session_data": "eyJkamFuZ29fbGFuZ3VhZ2UiOiJ1ayJ9:1vtmqk:cDRIKuMGbB0xzXvFM1Xrybkq08bPbYdcRmDO8inn5Bw", "expire_date": "2026-03-07T13:16:46.794Z"}}, {"model": "sessions.session", "pk": "cnsk8q1fe3kfkq8ean20q5nsrocktr5v", "fields": {"session_data": "eyJkamFuZ29fbGFuZ3VhZ2UiOiJ1ayJ9:1vsRiM:jPlVgUFx-UwWHQJuNz283XDXljxnMZ_1ws1YbFfPTkU", "expire_date": "2026-03-03T20:30:34.093Z"}}, {"model": "sessions.session", "pk": "cq80yec39452wqq09kv6895orpj5d60m", "fields": {"session_data": "eyJkamFuZ29fbGFuZ3VhZ2UiOiJ1ayJ9:1vuXHT:tS58ZybHE_h1egV2BHSVUqCBAqOJdzEBvgYnekMFpoY", "expire_date": "2026-03-09T14:51:27.983Z"}}, {"model": "sessions.session", "pk": "cr8xv1no1gtdd80n9anm2l2ur64g4kv0", "fields": {"session_data": "eyJkamFuZ29fbGFuZ3VhZ2UiOiJ1ayJ9:1vsRyn:UyypivP7WUAm_VN8r0fucC-u5u11o9yvd_xtE5-ue88", "expire_date": "2026-03-03T20:47:33.397Z"}}, {"model": "sessions.session", "pk": "d0jbcu1yp8nxj0o03afbd6imgtmphz10", "fields": {"session_data": "eyJkamFuZ29fbGFuZ3VhZ2UiOiJ1ayJ9:1vsS3i:yKbgCwP3JwbfUrGtJkhvmKpzJFd9-OkJgv61wbFontM", "expire_date": "2026-03-03T20:52:38.597Z"}}, {"model": "sessions.session", "pk": "djdyn96ppifacy7n0djwoetk3d5s8t3q", "fields": {"session_data": "eyJkamFuZ29fbGFuZ3VhZ2UiOiJ1ayJ9:1vtYcc:1r2KI4yRdrK3wHWMhUCzE4eOvPSZwLpnqyLfGU5vCVU", "expire_date": "2026-03-06T22:05:14.091Z"}}, {"model": "sessions.session", "pk": "dnig4n64eesfrrcl9un2wi9igwee0gyg", "fields": {"session_data": ".eJxVjtFuwyAMRf_Fz1GUsAxKHvfeb0AGTMOShQzIQ1Xl3-eo1aTKki2fe33lB_hvXG_JLNx3vBGMsM_QgMNcYXyAVGffZhilauC33mEUDaStxrQWlo7_xfhYtgXvT7jl6Mj8JB9DpMypHRyMDe51MnuhbKJn2sMbs-hmWk_h-Vbr0lpztO1paV9qaa_J0_L18r4FTFgmvpZ6EBcZkAYvhVMa-9Br_dF9Bmet5hLSI-udsiTZRFoJHhfXUxByEHD8AUu2XRw:1vuXyD:DTgJXj8BYvTajhxjFExzyVicy74NdTy44MYFl4sAHvg", "expire_date": "2026-03-09T15:35:37.150Z"}}, {"model": "sessions.session", "pk": "dvj6l95kcye4dz9cvft2808m4a5i3yif", "fields": {"session_data": "eyJkamFuZ29fbGFuZ3VhZ2UiOiJ1ayJ9:1vtn35:1DUkPaHMhFCdIGWE_20JpZvoGdY7UeqlIxu3m0Mjh6w", "expire_date": "2026-03-07T13:29:31.343Z"}}, {"model": "sessions.session", "pk": "dzwrfjs2hs5c7swprwf90ttw40f1ile5", "fields": {"session_data": "eyJkamFuZ29fbGFuZ3VhZ2UiOiJ1ayJ9:1vtSsF:y_7XbTiuWFV9vzfA_wzPCrbVzusJCfzEExg1iMIwK_0", "expire_date": "2026-03-06T15:56:59.383Z"}}, {"model": "sessions.session", "pk": "e1hsdecjyaqvpuohf3k9seizk0fb03dj", "fields": {"session_data": "eyJkamFuZ29fbGFuZ3VhZ2UiOiJ1ayJ9:1vuWrj:Ht_HIG_Op7rc25731vUIOOl2BIaaszGU4bn_a2EPncA", "expire_date": "2026-03-09T14:24:51.758Z"}}, {"model": "sessions.session", "pk": "e40hb9rhzswiskri6bfchp5gk5tff3ah", "fields": {"session_data": "eyJkamFuZ29fbGFuZ3VhZ2UiOiJ1ayJ9:1vu7yH:7-v2xmWMPfF9iEtD5dTjvvgNltWI88606hJKVTtKnkc", "expire_date": "2026-03-08T11:49:57.939Z"}}, {"model": "sessions.session", "pk": "efk9p3g6fjxhq0fghi3iox55xkia7cy9", "fields": {"session_data": "eyJkamFuZ29fbGFuZ3VhZ2UiOiJ1ayJ9:1vsRwL:5iZtKjyr68MEDmkV2v8uFB1RTqihKzNACMPljj7Xf6Y", "expire_date": "2026-03-03T20:45:01.168Z"}}, {"model": "sessions.session", "pk": "efnuvwqrmg2nklbjc5m54uixavuf1906", "fields": {"session_data": "eyJkamFuZ29fbGFuZ3VhZ2UiOiJ1ayJ9:1vt2KP:Fv_wrBkW_WfV1oCFUClmwe9cQgpSyFWcMMOHJhntXjM", "expire_date": "2026-03-05T11:36:17.295Z"}}, {"model": "sessions.session", "pk": "egyf8i2yfz6jsrbc6b91kc93ew51jq8f", "fields": {"session_data": "eyJkamFuZ29fbGFuZ3VhZ2UiOiJ1ayJ9:1vtRId:qUY1IgW6s2BXJkhDKPbRsuWs79chumlDpL2i_6hoPvg", "expire_date": "2026-03-06T14:16:07.078Z"}}, {"model": "sessions.session", "pk": "eooy1eucxttwdg8lp4fvdxs7veyml3ek", "fields": {"session_data": "eyJkamFuZ29fbGFuZ3VhZ2UiOiJ1ayJ9:1vtmjg:OPsmSRykN9YAhM4En1zp95kKrolCUV9dAIOJ-_aMCGM", "expire_date": "2026-03-07T13:09:28.425Z"}}, {"model": "sessions.session", "pk": "eui96uwmpavu6jx84qt4zjxjpeyrwo2c", "fields": {"session_data": "eyJkamFuZ29fbGFuZ3VhZ2UiOiJ1ayJ9:1vuE1Q:pmsVVrwhWTGRekiIlKWzIkbbMXpJgUshvJ4Cn1ZvyMI", "expire_date": "2026-03-08T18:17:36.775Z"}}, {"model": "sessions.session", "pk": "exk35i081utxp3yq1ii2oc9cgu6d1de2", "fields": {"session_data": "eyJkamFuZ29fbGFuZ3VhZ2UiOiJ1ayJ9:1vsS3Z:_1BAmhzBXoGdL1a5t8TJNnTStLE86n6wygTFpVvsT0Y", "expire_date": "2026-03-03T20:52:29.898Z"}}, {"model": "sessions.session", "pk": "ezjdb58iakjt99eog3kcpz8mcoecxuso", "fields": {"session_data": "eyJkamFuZ29fbGFuZ3VhZ2UiOiJ1ayJ9:1vuXBl:jZzXUjo2mb8Y8m_9U5hnti0NVmbADtTg7MNfPimJQyk", "expire_date": "2026-03-09T14:45:33.582Z"}}, {"model": "sessions.session", "pk": "f0p98te2dnj9zvramjoxfsn421rhc0ir", "fields": {"session_data": "eyJkamFuZ29fbGFuZ3VhZ2UiOiJ1ayJ9:1vtn2u:o_xdL0WjV_IDsFpyMoDm0x4Txstl6-x93cQPOV5FwFQ", "expire_date": "2026-03-07T13:29:20.887Z"}}, {"model": "sessions.session", "pk": "f552glbx3r2ksbbatgi5q9bxdc4raf69", "fields": {"session_data": "eyJkamFuZ29fbGFuZ3VhZ2UiOiJ1ayJ9:1vtSt7:4tpz9SeL5jA4phXMfVxpzOHwTf5XY6qh1cPEoGAOfRU", "expire_date": "2026-03-06T15:57:53.499Z"}}, {"model": "sessions.session", "pk": "fe06in7su0yrj92yrpsh9tin2xazvuvt", "fields": {"session_data": "eyJkamFuZ29fbGFuZ3VhZ2UiOiJ1ayJ9:1vtStJ:lCH5Byy4om6C2W--8L5p0FfrAQUetroL3wlGbwZ2-q8", "expire_date": "2026-03-06T15:58:05.563Z"}}, {"model": "sessions.session", "pk": "fht6qwacbbbzesn7zqeeqf2kyyic2hnb", "fields": {"session_data": "eyJkamFuZ29fbGFuZ3VhZ2UiOiJ1ayJ9:1vtYcc:1r2KI4yRdrK3wHWMhUCzE4eOvPSZwLpnqyLfGU5vCVU", "expire_date": "2026-03-06T22:05:14.270Z"}}, {"model": "sessions.session", "pk": "frsbl10yv4nuy4cspt9nljppwaz44s2n", "fields": {"session_data": "eyJkamFuZ29fbGFuZ3VhZ2UiOiJ1ayJ9:1vtM5C:VBRtHrGSBCl0vQj_m-SOoQTy-hIG8-51obZlPt_27Q8", "expire_date": "2026-03-06T08:41:54.865Z"}}, {"model": "sessions.session", "pk": "g0k8dffwdbk5l65cvfb98vmbz3bgpu2m", "fields": {"session_data": "eyJkamFuZ29fbGFuZ3VhZ2UiOiJ1ayJ9:1vuXHU:XdcQ8H6gXpiInjYurpPUJGHoJJA8vMRpPTZpf6jR32I", "expire_date": "2026-03-09T14:51:28.441Z"}}, {"model": "sessions.session", "pk": "g45tq53krcoov1kdhbhrqu4a3z4hnwuw", "fields": {"session_data": "eyJkamFuZ29fbGFuZ3VhZ2UiOiJ1ayJ9:1vuXBm:SS9B3R5l7QDhYZs_NRrf0whMQnvjDnMiKbL0oXIjr8Q", "expire_date": "2026-03-09T14:45:34.061Z"}}, {"model": "sessions.session", "pk": "g6jgexo415hmdyg8dm05w6mqi7ds6c8i", "fields": {"session_data": "eyJkamFuZ29fbGFuZ3VhZ2UiOiJ1ayJ9:1vsS3j:qLQk7ik8CWFZjj0rhXwDgWrNQlBVgUk3IOw6cgUTZMg", "expire_date": "2026-03-03T20:52:39.105Z"}}, {"model": "sessions.session", "pk": "gc4cgf71upmtymy1y8h5b5jnfmnn37rn", "fields": {"session_data": "eyJkamFuZ29fbGFuZ3VhZ2UiOiJ1ayJ9:1vtnr5:NIbtIb0dOmTRw5K-RYGAGcBE1bfqbM1XehPun7oyoHU", "expire_date": "2026-03-07T14:21:11.797Z"}}, {"model": "sessions.session", "pk": "gvb7lf4ip4yhkf86r7cqq578kdimh8ro", "fields": {"session_data": "eyJkamFuZ29fbGFuZ3VhZ2UiOiJ1ayJ9:1vtPaL:0dHkaoEPe1JaVe7g1R2mzJl9LGHWbgqJH2vV_jYH0Nw", "expire_date": "2026-03-06T12:26:17.896Z"}}, {"model": "sessions.session", "pk": "gw633w5m39bujmxdr6ms6x55ynlvpay6", "fields": {"session_data": "eyJkamFuZ29fbGFuZ3VhZ2UiOiJ1ayJ9:1vtSsE:Rw_d3sh83jBShc1uWsKhDPTNOz_ikrmiRkfZyDQ6HwY", "expire_date": "2026-03-06T15:56:58.976Z"}}, {"model": "sessions.session", "pk": "h3ovuhv2lmmf45jpg5bban93zk7jxunh", "fields": {"session_data": "eyJkamFuZ29fbGFuZ3VhZ2UiOiJ1ayJ9:1vtlr0:jqfKh7rzS4IW1t50KRYMVbeBRfhxysG1P1HeBpslOzI", "expire_date": "2026-03-07T12:12:58.572Z"}}, {"model": "sessions.session", "pk": "h44d5w6ou0f5hiwbc3gnhclnldfsnu8s", "fields": {"session_data": "eyJkamFuZ29fbGFuZ3VhZ2UiOiJ1ayJ9:1vt2KP:Fv_wrBkW_WfV1oCFUClmwe9cQgpSyFWcMMOHJhntXjM", "expire_date": "2026-03-05T11:36:17.111Z"}}, {"model": "sessions.session", "pk": "h56rjlzgev8e8t75z7zh21s8lkyxembz", "fields": {"session_data": "eyJkamFuZ29fbGFuZ3VhZ2UiOiJ1ayJ9:1vsRws:SFSEod87vsuwkMv5I3WdqIM4-YHh9Vfyu4rLhW13Xys", "expire_date": "2026-03-03T20:45:34.386Z"}}, {"model": "sessions.session", "pk": "hcpzhvkldi74bsjr5hp26ff7gcr0fi9z", "fields": {"session_data": "eyJkamFuZ29fbGFuZ3VhZ2UiOiJ1ayJ9:1vtPZC:oD1hw7tXIeLiyZDSAEd9cuolcSDOgQfFQLVYUjJIiZI", "expire_date": "2026-03-06T12:25:06.027Z"}}, {"model": "sessions.session", "pk": "hnifm1bqol5zikc9onhevuap5pfvousf", "fields": {"session_data": ".eJxVjEEOwiAQRe_C2pAy4lBcuu8ZyACDVA0kpV0Z7y5NutDM4if_vT9v4Whbs9saL26O4iqUOP12nsKTyw7ig8q9ylDLusxe7oo8aJNTjfy6He7fg0wt9zVaDSMmYh0RgrGkkrL2PFxS8N72A4zU-WA8Y5fYGugxBsUJUIP4fAHv9zh5:1vt2D9:Ih1lKQkJ1LpsHB-jO8LtmE1W3jaxtED4U11wGBBlBxY", "expire_date": "2026-03-05T11:28:47.884Z"}}, {"model": "sessions.session", "pk": "hpibih4te17vudmfiwhmk38wc6yt8zoz", "fields": {"session_data": "eyJkamFuZ29fbGFuZ3VhZ2UiOiJ1ayJ9:1vtM5G:slvnHRp9Nh9ubCPv7IOjLkKuNhtRVB0q7QxnlotiXlo", "expire_date": "2026-03-06T08:41:58.159Z"}}, {"model": "sessions.session", "pk": "hpxns47nud58l4igb6o4xx94hhbnll54", "fields": {"session_data": "eyJkamFuZ29fbGFuZ3VhZ2UiOiJ1ayJ9:1vtYcZ:46sLyeu4OsITdGJpGwvOFGgi7TQD38mmmTiT7mCd2MQ", "expire_date": "2026-03-06T22:05:11.670Z"}}, {"model": "sessions.session", "pk": "i7trwt3d3dng2ahja2ptlbw80rw2lo75", "fields": {"session_data": "eyJkamFuZ29fbGFuZ3VhZ2UiOiJ1ayJ9:1vsS0Y:SAdLyuyWMFXLqSjtunTt8lV2IjlwKWZGnxST_wh--Jc", "expire_date": "2026-03-03T20:49:22.098Z"}}, {"model": "sessions.session", "pk": "i9vss4kohqraus7p5dvsdmnm1tajpntz", "fields": {"session_data": "eyJkamFuZ29fbGFuZ3VhZ2UiOiJ1ayJ9:1vsS1r:dQGzyDVqBdE-imh0W0tTTSUCB2-6lgm9SgghwB_0RzM", "expire_date": "2026-03-03T20:50:43.160Z"}}, {"model": "sessions.session", "pk": "ilcqyrlhaccnaiz05t0combjr8incsh7", "fields": {"session_data": "eyJkamFuZ29fbGFuZ3VhZ2UiOiJ1ayJ9:1vuOyW:-uH2fN89Ti0mBS56WrNA11JKfBHhmhpX0naZx9JTus4", "expire_date": "2026-03-09T05:59:20.677Z"}}, {"model": "sessions.session", "pk": "ip4dburt0jvl8phtqoazon1oytczm5et", "fields": {"session_data": "eyJkamFuZ29fbGFuZ3VhZ2UiOiJ1ayJ9:1vtP9E:6EY7dkV5Lgq0tgP_taobqvBNUNr-oCmc3vD88AR_HCE", "expire_date": "2026-03-06T11:58:16.920Z"}}, {"model": "sessions.session", "pk": "ip7yqjvvowt8rerbfgjdj7r3xlc1q4qi", "fields": {"session_data": "eyJkamFuZ29fbGFuZ3VhZ2UiOiJ1ayJ9:1vsS0V:SSk1O59VoXMaNQ5A-r2JTnqelzWAdOtQSGgnhMCo4Ks", "expire_date": "2026-03-03T20:49:19.846Z"}}, {"model": "sessions.session", "pk": "ir0051ey3b19i255ioe8rv4n14g31vr5", "fields": {"session_data": "eyJkamFuZ29fbGFuZ3VhZ2UiOiJ1ayJ9:1vtmrM:B6qO8VSkqxonpdOzJ7M-UXDmkRGFDofZgZsd_L8LZ8U", "expire_date": "2026-03-07T13:17:24.232Z"}}, {"model": "sessions.session", "pk": "iu56gzia9pssqfgy54eu85ls3vton9ro", "fields": {"session_data": "eyJkamFuZ29fbGFuZ3VhZ2UiOiJ1ayJ9:1vuWrc:0mvwO_kqjUSF71jFW9agasTJpq3S69ecryQzzVhvE7g", "expire_date": "2026-03-09T14:24:44.220Z"}}, {"model": "sessions.session", "pk": "iw1vxp87gni4xr0394nn69qsyv0er3at", "fields": {"session_data": "eyJkamFuZ29fbGFuZ3VhZ2UiOiJ1ayJ9:1vuOyX:cEulf5Yr5UkKFZgYZcj_YQtewU2JJkoOe1PUaOrpRn0", "expire_date": "2026-03-09T05:59:21.560Z"}}, {"model": "sessions.session", "pk": "j0dcx34759h58hfr7j01fgb5n6h70f71", "fields": {"session_data": "eyJkamFuZ29fbGFuZ3VhZ2UiOiJ1ayJ9:1vtmYe:L74o2HV-ZqJEmSsLr5883oagYy6xW5SrQDCrpwiPvqI", "expire_date": "2026-03-07T12:58:04.849Z"}}, {"model": "sessions.session", "pk": "j8oe5ct5d5sulmm2i20yp5y4n5zgz8w1", "fields": {"session_data": "eyJkamFuZ29fbGFuZ3VhZ2UiOiJ1ayJ9:1vt2B5:ingLx7lBd1OkNTgKHf7Qx2j13ElY7ug8gasmtluvEu0", "expire_date": "2026-03-05T11:26:39.295Z"}}, {"model": "sessions.session", "pk": "jekemgq1lg9s7qfwngvjmwdnttf7c6vc", "fields": {"session_data": "eyJkamFuZ29fbGFuZ3VhZ2UiOiJ1ayJ9:1vtnnT:Epp82ikb9EeQuIqHnvsmAW6JN1Ot2hqQIAV7GeOf7-A", "expire_date": "2026-03-07T14:17:27.593Z"}}, {"model": "sessions.session", "pk": "jjvj1j8orbhtnzgjogmts6xuark5iyek", "fields": {"session_data": "eyJkamFuZ29fbGFuZ3VhZ2UiOiJ1ayJ9:1vt2JQ:gWIKo74naG9HDaE2GLBUfpRnr02gNRfcYP0EOtTdMPc", "expire_date": "2026-03-05T11:35:16.006Z"}}, {"model": "sessions.session", "pk": "k2yidpf8ow7h42umgr9ded7helxm68t9", "fields": {"session_data": "eyJkamFuZ29fbGFuZ3VhZ2UiOiJ1ayJ9:1vsS3Z:_1BAmhzBXoGdL1a5t8TJNnTStLE86n6wygTFpVvsT0Y", "expire_date": "2026-03-03T20:52:29.474Z"}}, {"model": "sessions.session", "pk": "kdxgji572lpqd3pv0efu1r3fxisdszei", "fields": {"session_data": "eyJkamFuZ29fbGFuZ3VhZ2UiOiJ1ayJ9:1vt89z:1XXN8BeOlR-xgQOdauDKOqymFL8UoqcKrpMTXrEC0Ts", "expire_date": "2026-03-05T17:49:55.788Z"}}, {"model": "sessions.session", "pk": "kj7r97gi70r954cc3wuid02vezx4b87r", "fields": {"session_data": "eyJkamFuZ29fbGFuZ3VhZ2UiOiJ1ayJ9:1vt2JR:gNu-LBQOyU27ywZb6gUloLQv1LhCqXYGFzXHbp1lTSg", "expire_date": "2026-03-05T11:35:17.311Z"}}, {"model": "sessions.session", "pk": "kvnoa3gf7lnrp3080uni1jkadqf0ns6b", "fields": {"session_data": "eyJkamFuZ29fbGFuZ3VhZ2UiOiJ1ayJ9:1vtnr5:NIbtIb0dOmTRw5K-RYGAGcBE1bfqbM1XehPun7oyoHU", "expire_date": "2026-03-07T14:21:11.106Z"}}, {"model": "sessions.session", "pk": "kwfrglt9hhhkxlxv1ksokdr4lk4oaogs", "fields": {"session_data": "eyJkamFuZ29fbGFuZ3VhZ2UiOiJ1ayJ9:1vt2Kq:95omEOdiGlX_o8N2gbJWFopOfNOAtBSDlGe8SVzrlFY", "expire_date": "2026-03-05T11:36:44.572Z"}}, {"model": "sessions.session", "pk": "l5aore51diql6n1eaa25ylzs080rhok5", "fields": {"session_data": "eyJkamFuZ29fbGFuZ3VhZ2UiOiJ1ayJ9:1vuE1T:TDWsSxyYme4KRU_8FfFGPHVVhACiuug-lscyp8F9Kmo", "expire_date": "2026-03-08T18:17:39.565Z"}}, {"model": "sessions.session", "pk": "l6wm94usan94ak2n4y1tx5vs5zc4e53n", "fields": {"session_data": "eyJkamFuZ29fbGFuZ3VhZ2UiOiJ1ayJ9:1vtSt7:4tpz9SeL5jA4phXMfVxpzOHwTf5XY6qh1cPEoGAOfRU", "expire_date": "2026-03-06T15:57:53.648Z"}}, {"model": "sessions.session", "pk": "l90z5nziyq6w4otdd1ilat3mqf7w23q5", "fields": {"session_data": "eyJkamFuZ29fbGFuZ3VhZ2UiOiJ1ayJ9:1vtSt1:0tF9GwupKG1YQOBXlgp_8LunPeXaRPQCeRjLgmcTi6s", "expire_date": "2026-03-06T15:57:47.564Z"}}, {"model": "sessions.session", "pk": "lc7s3hwuldwe3bbekyor2u1bnvmm20ew", "fields": {"session_data": "eyJkamFuZ29fbGFuZ3VhZ2UiOiJ1ayJ9:1vtmjt:Y8gB5T-aOr4WZcZkWLSWGc6prEAOlQF0P_bK-VIirLM", "expire_date": "2026-03-07T13:09:41.098Z"}}, {"model": "sessions.session", "pk": "ljvy6y21e9n6mfak1k31kdgqj5ctklun", "fields": {"session_data": "eyJkamFuZ29fbGFuZ3VhZ2UiOiJ1ayJ9:1vt2Ks:AZ7DurhQi0iLYmDnMg5FNlg5g8Klk2JfwasWq-S9sMY", "expire_date": "2026-03-05T11:36:46.528Z"}}, {"model": "sessions.session", "pk": "lmusgpaxukdf9k9ezt0f480k4uprnduj", "fields": {"session_data": "eyJkamFuZ29fbGFuZ3VhZ2UiOiJ1ayJ9:1vsSFa:Ej86fpkux7im27RlYOwHVdaXtk44vmofD-s70LNjLLI", "expire_date": "2026-03-03T21:04:54.641Z"}}, {"model": "sessions.session", "pk": "lpqnjw0rh5twwccayl42tyyhdm2o9j4y", "fields": {"session_data": "eyJkamFuZ29fbGFuZ3VhZ2UiOiJ1ayJ9:1vsS0V:SSk1O59VoXMaNQ5A-r2JTnqelzWAdOtQSGgnhMCo4Ks", "expire_date": "2026-03-03T20:49:19.362Z"}}, {"model": "sessions.session", "pk": "m8hxtr23qdp37rrkz013m8aefs4gk5yt", "fields": {"session_data": "eyJkamFuZ29fbGFuZ3VhZ2UiOiJ1ayJ9:1vt28H:eZjOKUSnuGcUISLxj1NEzW7oTKZkZYhSalZqFn32vdA", "expire_date": "2026-03-05T11:23:45.879Z"}}, {"model": "sessions.session", "pk": "mnw679m60bian7438pvxus7uea3h6ruc", "fields": {"session_data": "eyJkamFuZ29fbGFuZ3VhZ2UiOiJ1ayJ9:1vtWlF:muzWCk6ChXy69d20dKzkDebGegRMMEhi4wAJrTA0tDc", "expire_date": "2026-03-06T20:06:01.762Z"}}, {"model": "sessions.session", "pk": "mr63evs4ihnfpxrob2ncel36xe39x7dj", "fields": {"session_data": "eyJkamFuZ29fbGFuZ3VhZ2UiOiJ1ayJ9:1vtYcX:C3JhFxgIZJHKrgaLiR-Mt8W8hO1kXrfXq7tRXu8uvYA", "expire_date": "2026-03-06T22:05:09.800Z"}}, {"model": "sessions.session", "pk": "msa55vp0i1pop1hs382i1s1rr6ehmy90", "fields": {"session_data": "eyJkamFuZ29fbGFuZ3VhZ2UiOiJ1ayJ9:1vuY5Z:ELN_0lFIBUs17bEpYCUNbE8ngUa7emd6OHkbkSP3nbU", "expire_date": "2026-03-09T15:43:13.809Z"}}, {"model": "sessions.session", "pk": "mwax7gagaco55d4bojxdu0t5pxbbfghi", "fields": {"session_data": "eyJkamFuZ29fbGFuZ3VhZ2UiOiJ1ayJ9:1vt2Kn:oRJibSSETnpzgbckdrnH6Pixbbu2JIh4jOlNzVdbSfg", "expire_date": "2026-03-05T11:36:41.377Z"}}, {"model": "sessions.session", "pk": "n4hxpwick827wsnhkb2sdlz13ux163sm", "fields": {"session_data": ".eJxVj81uwyAQhN9lzwgBdvk79t5nQBhwTZMaF5NDFPndu0RW1GoPI818O6t9gPO3trjbnqrLESxwIH-9yYdLWnsQv_z6WWgoa6t5oh2hZ7rTjxLT9f1k_xUsfl9wW5pRaDn7NEYpgjKez9yYgb3NYZoMjpDRY87UlCRCySiBogNPs5CjwNLgawP7wConLR-cslw6bbnu5nYBKw2Bn3YHywmUreWy7k8ejYGAQpEEkOb6eAEu5n27-nsH-fm-QO0HB9QBkN1qDsl9l5jnnCq6jDIGx3H8AhNqYOI:1vtmtS:ub4IL5_hv6Tcnit28PkVVBSPJz1dL6wqDhr00mlkE0k", "expire_date": "2026-03-07T13:19:34.324Z"}}, {"model": "sessions.session", "pk": "nec6na8ywuw1lym7jnt3czkwlbuzoi3w", "fields": {"session_data": "eyJkamFuZ29fbGFuZ3VhZ2UiOiJ1ayJ9:1vtStC:BaHNJGwB4oii3-BCP1DTM5OdB_-7i3RxNspdUVKWjCU", "expire_date": "2026-03-06T15:57:58.284Z"}}, {"model": "sessions.session", "pk": "o3iusy2vkfaq8kp5qxor9fkaecu2n0ji", "fields": {"session_data": "eyJkamFuZ29fbGFuZ3VhZ2UiOiJ1ayJ9:1vscti:juXCs1_OUrS-32l7ALbkce-ipRdNMio-IYZVvQj9d0g", "expire_date": "2026-03-04T08:27:02.083Z"}}, {"model": "sessions.session", "pk": "o5iw8nvm13zsx32sugps4ee9t6jhckg0", "fields": {"session_data": "eyJkamFuZ29fbGFuZ3VhZ2UiOiJ1ayJ9:1vt2J9:ksVoA7iD3oAakHEcmCjaURWsMULrfpnPDGReSeZAB68", "expire_date": "2026-03-05T11:34:59.347Z"}}, {"model": "sessions.session", "pk": "o8ygzrhuqhlpw4trc8s13fl7xlf63q16", "fields": {"session_data": "eyJkamFuZ29fbGFuZ3VhZ2UiOiJ1ayJ9:1vt2Ks:AZ7DurhQi0iLYmDnMg5FNlg5g8Klk2JfwasWq-S9sMY", "expire_date": "2026-03-05T11:36:46.380Z"}}, {"model": "sessions.session", "pk": "oajni9g5t46yocayh6c5zy7frbscwcd3", "fields": {"session_data": "eyJkamFuZ29fbGFuZ3VhZ2UiOiJ1ayJ9:1vuWtK:6c4eaXvyd63mF5oE2a6zeHwNc8BAY2a6OrWZx_Np7OU", "expire_date": "2026-03-09T14:26:30.647Z"}}, {"model": "sessions.session", "pk": "oi5gtje4nq3kx2www2ab7m1lr1zr9717", "fields": {"session_data": "eyJkamFuZ29fbGFuZ3VhZ2UiOiJ1ayJ9:1vsS0X:5jQ2Eg68dJ85UZM41knKhvVeoga3fME0N3u0xi2MRwQ", "expire_date": "2026-03-03T20:49:21.776Z"}}, {"model": "sessions.session", "pk": "oq3bc6v3xgv4ohm3tg0r1wtdx44inidy", "fields": {"session_data": "eyJkamFuZ29fbGFuZ3VhZ2UiOiJ1ayJ9:1vt2At:_RdvOpwHYGXT669Qy4baVXdg0bgvTC8qV5vwfg7oETs", "expire_date": "2026-03-05T11:26:27.776Z"}}, {"model": "sessions.session", "pk": "oyqwcd4h6ykwxn03wkdqetoyum6ftvl2", "fields": {"session_data": "eyJkamFuZ29fbGFuZ3VhZ2UiOiJ1ayJ9:1vt2JP:HND5EGvQy63cu-A0eqvTISmcm9jGKxEiEoqMMxHj1_g", "expire_date": "2026-03-05T11:35:15.949Z"}}, {"model": "sessions.session", "pk": "oz8s44gxpgio5qxl05cj5z9u9rdck7xs", "fields": {"session_data": "eyJkamFuZ29fbGFuZ3VhZ2UiOiJ1ayJ9:1vuOyW:-uH2fN89Ti0mBS56WrNA11JKfBHhmhpX0naZx9JTus4", "expire_date": "2026-03-09T05:59:20.759Z"}}, {"model": "sessions.session", "pk": "p48vrfkdagfib3ezlua8abnbsedkzsxw", "fields": {"session_data": "eyJkamFuZ29fbGFuZ3VhZ2UiOiJ1ayJ9:1vsS0V:SSk1O59VoXMaNQ5A-r2JTnqelzWAdOtQSGgnhMCo4Ks", "expire_date": "2026-03-03T20:49:19.984Z"}}, {"model": "sessions.session", "pk": "p52mmmmeihbvifb02oitqlhdf4vka8go", "fields": {"session_data": "eyJkamFuZ29fbGFuZ3VhZ2UiOiJ1ayJ9:1vtn2u:o_xdL0WjV_IDsFpyMoDm0x4Txstl6-x93cQPOV5FwFQ", "expire_date": "2026-03-07T13:29:20.562Z"}}, {"model": "sessions.session", "pk": "pb9h8u730t2g0ye7z237r6oudapxb09l", "fields": {"session_data": "eyJkamFuZ29fbGFuZ3VhZ2UiOiJ1ayJ9:1vtSt1:0tF9GwupKG1YQOBXlgp_8LunPeXaRPQCeRjLgmcTi6s", "expire_date": "2026-03-06T15:57:47.906Z"}}, {"model": "sessions.session", "pk": "pob2t1jmxa9da64sklac3fm2nhpg69s2", "fields": {"session_data": "eyJkamFuZ29fbGFuZ3VhZ2UiOiJ1ayJ9:1vsS9Y:dkHSYYBnN8CvazrXW0SVOMe13BwOwT9ru0ojcv3T-NE", "expire_date": "2026-03-03T20:58:40.770Z"}}, {"model": "sessions.session", "pk": "q6ns0z0awc8jjahet9kl625s1mb3cj2y", "fields": {"session_data": "eyJkamFuZ29fbGFuZ3VhZ2UiOiJ1ayJ9:1vu7yI:THSIJvrYvOTM0B8OXVs1L16zcudZMqyvFsYqkDKpC3Q", "expire_date": "2026-03-08T11:49:58.488Z"}}, {"model": "sessions.session", "pk": "q9rkjpxhmc6yjkwkvf4i6y4tmde3cplx", "fields": {"session_data": "eyJkamFuZ29fbGFuZ3VhZ2UiOiJ1ayJ9:1vtmrb:t34RCc78FS61tmQKzXuCFidUhtPtDXOoeMbjMZc3mIM", "expire_date": "2026-03-07T13:17:39.487Z"}}, {"model": "sessions.session", "pk": "q9semjwt9t8f0ipsb9ena1n9n73ux8wy", "fields": {"session_data": "eyJkamFuZ29fbGFuZ3VhZ2UiOiJ1ayJ9:1vt6SI:zxWIPWEx6gCCaWiieJa6hpGnr2dIv78KaBOS03eh1fM", "expire_date": "2026-03-05T16:00:42.404Z"}}, {"model": "sessions.session", "pk": "qt2l71byj676h7ft0y5tka5gq3zhyb3w", "fields": {"session_data": "eyJkamFuZ29fbGFuZ3VhZ2UiOiJ1ayJ9:1vuOyX:cEulf5Yr5UkKFZgYZcj_YQtewU2JJkoOe1PUaOrpRn0", "expire_date": "2026-03-09T05:59:21.802Z"}}, {"model": "sessions.session", "pk": "qyl1kpno1zg3hbip21tj3x6v0khdlgxu", "fields": {"session_data": "eyJkamFuZ29fbGFuZ3VhZ2UiOiJ1ayJ9:1vt9ct:te6fTo0R2lCskmcy54eq5zSkadmFowIY2s4w8wa9kBA", "expire_date": "2026-03-05T19:23:51.526Z"}}, {"model": "sessions.session", "pk": "rhxtfp96rpn8b6rv4k3j8cia7dc6hwzl", "fields": {"session_data": "eyJkamFuZ29fbGFuZ3VhZ2UiOiJ1ayJ9:1vt8A2:3NdVe7-Gv5PXnNm9V-c1eKypJUbQJaC0uyW4QSLVN-g", "expire_date": "2026-03-05T17:49:58.345Z"}}, {"model": "sessions.session", "pk": "rqv8fx1b74e5hia3wtldzayqh49ds1uz", "fields": {"session_data": "eyJkamFuZ29fbGFuZ3VhZ2UiOiJ1ayJ9:1vtP9d:0r114Xi1aaqgZs3tDi15l_9OQiUDsWeFm-hcNjJYxhw", "expire_date": "2026-03-06T11:58:41.638Z"}}, {"model": "sessions.session", "pk": "ryu9of4e3mau0k6bjpfz1op7xzat642y", "fields": {"session_data": "eyJkamFuZ29fbGFuZ3VhZ2UiOiJ1ayJ9:1vuOyX:cEulf5Yr5UkKFZgYZcj_YQtewU2JJkoOe1PUaOrpRn0", "expire_date": "2026-03-09T05:59:21.470Z"}}, {"model": "sessions.session", "pk": "s4imsasu9uuw44vuudgb5iux9sbv0yha", "fields": {"session_data": "eyJkamFuZ29fbGFuZ3VhZ2UiOiJ1ayJ9:1vuE1R:zClA-v-nwywALeq3-uHdkkVI88SNKGnymrzstwLfHhk", "expire_date": "2026-03-08T18:17:37.069Z"}}, {"model": "sessions.session", "pk": "s561hbupz6d88c8bc4qwtjapk39hsd0d", "fields": {"session_data": "eyJkamFuZ29fbGFuZ3VhZ2UiOiJ1ayJ9:1vuOyX:cEulf5Yr5UkKFZgYZcj_YQtewU2JJkoOe1PUaOrpRn0", "expire_date": "2026-03-09T05:59:21.080Z"}}, {"model": "sessions.session", "pk": "sch4megrc58zhzjj5ql83cfqd0hax2zg", "fields": {"session_data": "eyJkamFuZ29fbGFuZ3VhZ2UiOiJ1ayJ9:1vtPH7:ai3odY5pO3hOKUv-1jwdGC1_WDQOOUwYG7vkAYhaufQ", "expire_date": "2026-03-06T12:06:25.184Z"}}, {"model": "sessions.session", "pk": "sex2gk2t9hz8uwzjomqpl30mc5cy3glq", "fields": {"session_data": "eyJkamFuZ29fbGFuZ3VhZ2UiOiJ1ayJ9:1vtmrb:t34RCc78FS61tmQKzXuCFidUhtPtDXOoeMbjMZc3mIM", "expire_date": "2026-03-07T13:17:39.848Z"}}, {"model": "sessions.session", "pk": "sfish2s170lvehy4yoz4owfz4fx9h2er", "fields": {"session_data": "eyJkamFuZ29fbGFuZ3VhZ2UiOiJ1ayJ9:1vtPAH:XA_OEpYVF4k_zjnw3K5BLVSrOcZyqGEqx5bCvSIjo54", "expire_date": "2026-03-06T11:59:21.999Z"}}, {"model": "sessions.session", "pk": "sotyjjamxzjcl6kprm4fig61pzaip7vd", "fields": {"session_data": "eyJkamFuZ29fbGFuZ3VhZ2UiOiJ1ayJ9:1vtnny:Hhs3qaDsy2MaWH9tpp1y7WQTHXkwD8jIMp6qu-0UBeo", "expire_date": "2026-03-07T14:17:58.802Z"}}, {"model": "sessions.session", "pk": "sqeiy0fofmgw6ug4lfcclb3ehwob2so4", "fields": {"session_data": "eyJkamFuZ29fbGFuZ3VhZ2UiOiJ1ayJ9:1vuOyX:cEulf5Yr5UkKFZgYZcj_YQtewU2JJkoOe1PUaOrpRn0", "expire_date": "2026-03-09T05:59:21.173Z"}}, {"model": "sessions.session", "pk": "svuq2awss4jt4xngw6wyo4s1nqrf54ar", "fields": {"session_data": "eyJkamFuZ29fbGFuZ3VhZ2UiOiJ1ayJ9:1vt6SE:ncZCuovm6eZmFg6LN7QBcn-DNMMUWV68TJJAQmxi1lw", "expire_date": "2026-03-05T16:00:38.970Z"}}, {"model": "sessions.session", "pk": "sylfgcy29hujow7rpqe83kzonyoqcdag", "fields": {"session_data": "eyJkamFuZ29fbGFuZ3VhZ2UiOiJ1ayJ9:1vsnaa:kePLn56KLoYbxTqCgTFIHJLjLWwFwPFMnyqQ8Ksi8xI", "expire_date": "2026-03-04T19:52:00.747Z"}}, {"model": "sessions.session", "pk": "taboqi4jfexglvmxk38l60ycw7czlrby", "fields": {"session_data": ".eJxVjEEKwyAQRe_iuki0VmOX3ecMMuoY0wQDMa5K794JzSYMzMB_78-HxTeUcXUL7QYjsidrM7sxB23PrlXc3BQpFNfMQ5ixHODf52Et-zZ5fij8pJUPa8TldbqXBxlqpra2SvY6AaqoZTAWRBLW3rtHCt5bGqkjEO-MR00SWiPp9EFgklpJ9v0BnZ1AXQ:1vt2Aq:0urSRURUC2XP6l3OUwU9SP1D42mI5-GjeOOv6Yj87KA", "expire_date": "2026-03-05T11:26:24.569Z"}}, {"model": "sessions.session", "pk": "tj4vtexh9ehrxfmg7cgct7w4hkx1fjlc", "fields": {"session_data": "eyJkamFuZ29fbGFuZ3VhZ2UiOiJ1ayJ9:1vt28I:80rqXskFNM9eL1btltGZWQ3E-hB0332ZorX2fWw0ANg", "expire_date": "2026-03-05T11:23:46.006Z"}}, {"model": "sessions.session", "pk": "tmkkd6cy605nb3eutz6n96chodgtlp3h", "fields": {"session_data": "eyJkamFuZ29fbGFuZ3VhZ2UiOiJ1ayJ9:1vtStC:BaHNJGwB4oii3-BCP1DTM5OdB_-7i3RxNspdUVKWjCU", "expire_date": "2026-03-06T15:57:58.127Z"}}, {"model": "sessions.session", "pk": "ts7lhbzbdfjmq2bx7o8jw37f94qbykbc", "fields": {"session_data": "eyJkamFuZ29fbGFuZ3VhZ2UiOiJ1ayJ9:1vt6SF:8cYUvlVp9MpyZVdZCXVWwsfMcBQ-CY-U7U5IH3IE8Ek", "expire_date": "2026-03-05T16:00:39.450Z"}}, {"model": "sessions.session", "pk": "twe4kh75d3exlh157v0az75s6nn59hqt", "fields": {"session_data": "eyJkamFuZ29fbGFuZ3VhZ2UiOiJ1ayJ9:1vt6Tf:Ajo6_mxfOvNeZAYzhYh0WtDYyVgD24DYPsK1OOCcOdE", "expire_date": "2026-03-05T16:02:07.450Z"}}, {"model": "sessions.session", "pk": "u97lu1libey8wi884jxm4djq6x4ac5as", "fields": {"session_data": "eyJkamFuZ29fbGFuZ3VhZ2UiOiJ1ayJ9:1vtmVL:9UyFmuKT_FnSzRprQWIMibv1wCh48ABnXk86O7cXR1M", "expire_date": "2026-03-07T12:54:39.252Z"}}, {"model": "sessions.session", "pk": "u98ya142ubvtq6vovhignfi5k0bpsrvj", "fields": {"session_data": "eyJkamFuZ29fbGFuZ3VhZ2UiOiJ1ayJ9:1vscti:juXCs1_OUrS-32l7ALbkce-ipRdNMio-IYZVvQj9d0g", "expire_date": "2026-03-04T08:27:02.618Z"}}, {"model": "sessions.session", "pk": "uda0x2zt0oelf0r9xsohfnq9zk7fq92e", "fields": {"session_data": "eyJkamFuZ29fbGFuZ3VhZ2UiOiJ1ayJ9:1vuOyW:-uH2fN89Ti0mBS56WrNA11JKfBHhmhpX0naZx9JTus4", "expire_date": "2026-03-09T05:59:20.829Z"}}, {"model": "sessions.session", "pk": "v4rs05nwqkqm2vnd6nozmy2m11xibgg3", "fields": {"session_data": "eyJkamFuZ29fbGFuZ3VhZ2UiOiJ1ayJ9:1vtM50:dr4cEKzilYSRPEaYFMeJfG3SecKSFBrIqgMsoE9Bbxg", "expire_date": "2026-03-06T08:41:42.077Z"}}, {"model": "sessions.session", "pk": "vdw19iop88lm1pix5ldgglap7y25gr5b", "fields": {"session_data": "eyJkamFuZ29fbGFuZ3VhZ2UiOiJ1ayJ9:1vtSsF:y_7XbTiuWFV9vzfA_wzPCrbVzusJCfzEExg1iMIwK_0", "expire_date": "2026-03-06T15:56:59.530Z"}}, {"model": "sessions.session", "pk": "vnb3p5we94pfgvimipt3e32665p4550s", "fields": {"session_data": "eyJkamFuZ29fbGFuZ3VhZ2UiOiJ1ayJ9:1vuWrj:Ht_HIG_Op7rc25731vUIOOl2BIaaszGU4bn_a2EPncA", "expire_date": "2026-03-09T14:24:51.157Z"}}, {"model": "sessions.session", "pk": "vsf8bgh2zytftwruaawcrdcfz1psqy18", "fields": {"session_data": "eyJkamFuZ29fbGFuZ3VhZ2UiOiJ1ayJ9:1vtRIc:7AQSElbtM7tuL-RlB_saGXQeGPjrWSDGOoe1ng-Cpsc", "expire_date": "2026-03-06T14:16:06.444Z"}}, {"model": "sessions.session", "pk": "w0m9gseipnrt6ez6nomjxpg60e0ygxw1", "fields": {"session_data": "eyJkamFuZ29fbGFuZ3VhZ2UiOiJ1ayJ9:1vtW04:gw-9RdIx_d9vTW7d_72cAT5-q27Ejf0tb2Lp_I_7L0A", "expire_date": "2026-03-06T19:17:16.835Z"}}, {"model": "sessions.session", "pk": "wbsabsgn8q6z1zxf0feeernpj6xk0h07", "fields": {"session_data": "eyJkamFuZ29fbGFuZ3VhZ2UiOiJ1ayJ9:1vtnr5:NIbtIb0dOmTRw5K-RYGAGcBE1bfqbM1XehPun7oyoHU", "expire_date": "2026-03-07T14:21:11.503Z"}}, {"model": "sessions.session", "pk": "wbu7ad98kg23phu8569tihdaa3dj4v9u", "fields": {"session_data": "eyJkamFuZ29fbGFuZ3VhZ2UiOiJ1ayJ9:1vtmjs:hjfndUEu0-uVwjRYMdolY4UD6JHwlrhlPhVqhPrheBs", "expire_date": "2026-03-07T13:09:40.522Z"}}, {"model": "sessions.session", "pk": "webmdu8r47d6jfin0lvvc3f47lpm5msi", "fields": {"session_data": "eyJkamFuZ29fbGFuZ3VhZ2UiOiJ1ayJ9:1vsS3a:NFea1mldi11q8PLeYN3P8LcA9efCsuaIIQHDhMXKJD0", "expire_date": "2026-03-03T20:52:30.085Z"}}, {"model": "sessions.session", "pk": "wifau1l3ip2z7e95s6zwaqtjzichql1d", "fields": {"session_data": "eyJkamFuZ29fbGFuZ3VhZ2UiOiJ1ayJ9:1vu7yI:THSIJvrYvOTM0B8OXVs1L16zcudZMqyvFsYqkDKpC3Q", "expire_date": "2026-03-08T11:49:58.345Z"}}, {"model": "sessions.session", "pk": "wzsliselwf8wwm5g0wst0pr1uy60p2l7", "fields": {"session_data": "eyJkamFuZ29fbGFuZ3VhZ2UiOiJ1ayJ9:1vt28R:bnwJCH8gara3QLqYCevTaZyqLP4CTzr6mQs3rCMKu7E", "expire_date": "2026-03-05T11:23:55.295Z"}}, {"model": "sessions.session", "pk": "x4iol7az5qb6fctgdskmmfme4zfuyc40", "fields": {"session_data": "eyJkamFuZ29fbGFuZ3VhZ2UiOiJ1ayJ9:1vto0l:QKG_YMEGGRA9893t8iMvjoBr07KZUXx6a_ezs_E0JsA", "expire_date": "2026-03-07T14:31:11.061Z"}}, {"model": "sessions.session", "pk": "x7s98skehjqonzjouc831bq1lrxar805", "fields": {"session_data": "eyJkamFuZ29fbGFuZ3VhZ2UiOiJ1ayJ9:1vtmT8:OsghptHm4cWntISE_lAEF9ynGz9_aCrjNMTpN8GphFo", "expire_date": "2026-03-07T12:52:22.150Z"}}, {"model": "sessions.session", "pk": "x91i9v4w8a6jva62i6gvpajpwmm8kb5c", "fields": {"session_data": "eyJkamFuZ29fbGFuZ3VhZ2UiOiJ1ayJ9:1vtmrM:B6qO8VSkqxonpdOzJ7M-UXDmkRGFDofZgZsd_L8LZ8U", "expire_date": "2026-03-07T13:17:24.622Z"}}, {"model": "sessions.session", "pk": "xfr2v766vxtl5m3i2fosnfhl3nxqfxds", "fields": {"session_data": "eyJkamFuZ29fbGFuZ3VhZ2UiOiJ1ayJ9:1vuOyX:cEulf5Yr5UkKFZgYZcj_YQtewU2JJkoOe1PUaOrpRn0", "expire_date": "2026-03-09T05:59:21.738Z"}}, {"model": "sessions.session", "pk": "xgzwd8jto5ipv11mmum3jobjg1kjil01", "fields": {"session_data": "eyJkamFuZ29fbGFuZ3VhZ2UiOiJ1ayJ9:1vt2JR:gNu-LBQOyU27ywZb6gUloLQv1LhCqXYGFzXHbp1lTSg", "expire_date": "2026-03-05T11:35:17.643Z"}}, {"model": "sessions.session", "pk": "xhnm9n8szmxgeuuly613ok31vv7yk04m", "fields": {"session_data": "eyJkamFuZ29fbGFuZ3VhZ2UiOiJ1ayJ9:1vtn0X:aTF8qRkfbSRu-W9mNELUoDhggFaNFuwLZ-08v5n8XqI", "expire_date": "2026-03-07T13:26:53.677Z"}}, {"model": "sessions.session", "pk": "xjtc7rs879wjlb6o8petkc79pnrw7hyv", "fields": {"session_data": "eyJkamFuZ29fbGFuZ3VhZ2UiOiJ1ayJ9:1vt2D5:NGhNsqpSqRyc3LdRIWPsJ6TkcPUKn6GDuoUnvBcPGic", "expire_date": "2026-03-05T11:28:43.998Z"}}, {"model": "sessions.session", "pk": "xouvxqx0do0ciwoz2xjqk68v2end8sc6", "fields": {"session_data": "eyJkamFuZ29fbGFuZ3VhZ2UiOiJ1ayJ9:1vt6SI:zxWIPWEx6gCCaWiieJa6hpGnr2dIv78KaBOS03eh1fM", "expire_date": "2026-03-05T16:00:42.836Z"}}, {"model": "sessions.session", "pk": "xtvh4acoqfm4m50fgc6uv4xpvu1888yk", "fields": {"session_data": "eyJkamFuZ29fbGFuZ3VhZ2UiOiJ1ayJ9:1vt2Kq:95omEOdiGlX_o8N2gbJWFopOfNOAtBSDlGe8SVzrlFY", "expire_date": "2026-03-05T11:36:44.415Z"}}, {"model": "sessions.session", "pk": "y08ffirxorkh11fwupxtv7d2785zqbxp", "fields": {"session_data": "eyJkamFuZ29fbGFuZ3VhZ2UiOiJ1ayJ9:1vtRIc:7AQSElbtM7tuL-RlB_saGXQeGPjrWSDGOoe1ng-Cpsc", "expire_date": "2026-03-06T14:16:06.917Z"}}, {"model": "sessions.session", "pk": "y3qwde6sqf1qr28ebwxzj6wj6iku328m", "fields": {"session_data": "eyJkamFuZ29fbGFuZ3VhZ2UiOiJ1ayJ9:1vtmjg:OPsmSRykN9YAhM4En1zp95kKrolCUV9dAIOJ-_aMCGM", "expire_date": "2026-03-07T13:09:28.571Z"}}, {"model": "sessions.session", "pk": "y7b3y2g5xt0duoi7g6kgwoevy0evcsy6", "fields": {"session_data": "eyJkamFuZ29fbGFuZ3VhZ2UiOiJ1ayJ9:1vtStJ:lCH5Byy4om6C2W--8L5p0FfrAQUetroL3wlGbwZ2-q8", "expire_date": "2026-03-06T15:58:05.383Z"}}, {"model": "sessions.session", "pk": "y7djub5610y47v11xj17cwldnyli1uar", "fields": {"session_data": "eyJkamFuZ29fbGFuZ3VhZ2UiOiJ1ayJ9:1vsSFa:Ej86fpkux7im27RlYOwHVdaXtk44vmofD-s70LNjLLI", "expire_date": "2026-03-03T21:04:54.744Z"}}, {"model": "sessions.session", "pk": "yltsrand2q4fw0xt1qpnzoi0su9svfcc", "fields": {"session_data": "eyJkamFuZ29fbGFuZ3VhZ2UiOiJ1ayJ9:1vsnaZ:QT4hRI_N7iPDMNmOFdiGLIVV_h1r1_IKwjYrxfSYRDw", "expire_date": "2026-03-04T19:51:59.878Z"}}, {"model": "sessions.session", "pk": "ym0zysajb3frp8i24di3ufudwljuckou", "fields": {"session_data": "eyJkamFuZ29fbGFuZ3VhZ2UiOiJ1ayJ9:1vtn3w:O1NRZmQeoqjp33qkZdJaq-j6QRShaoj98KUgryKQz-A", "expire_date": "2026-03-07T13:30:24.813Z"}}, {"model": "sessions.session", "pk": "ymr67nlfan0dgizi36b8flyd7vh370x2", "fields": {"session_data": "eyJkamFuZ29fbGFuZ3VhZ2UiOiJ1ayJ9:1vtn3x:6ebHFn36td-O5sVHRpBgTv_Vk7BWOr7lGGjI-wGwkuc", "expire_date": "2026-03-07T13:30:25.223Z"}}, {"model": "sessions.session", "pk": "yw4fb7ye969k3xgcyoxfrqvttsahzeuk", "fields": {"session_data": "eyJkamFuZ29fbGFuZ3VhZ2UiOiJ1ayJ9:1vtn35:1DUkPaHMhFCdIGWE_20JpZvoGdY7UeqlIxu3m0Mjh6w", "expire_date": "2026-03-07T13:29:31.507Z"}}, {"model": "sessions.session", "pk": "z5369dgq5euv90o5exrwg9e20a2r3avl", "fields": {"session_data": "eyJkamFuZ29fbGFuZ3VhZ2UiOiJ1ayJ9:1vsSFa:Ej86fpkux7im27RlYOwHVdaXtk44vmofD-s70LNjLLI", "expire_date": "2026-03-03T21:04:54.166Z"}}, {"model": "sessions.session", "pk": "zrdpxh3kuug8z5ubj3h9zoeusowvigs7", "fields": {"session_data": "eyJkamFuZ29fbGFuZ3VhZ2UiOiJ1ayJ9:1vt6Tf:Ajo6_mxfOvNeZAYzhYh0WtDYyVgD24DYPsK1OOCcOdE", "expire_date": "2026-03-05T16:02:07.080Z"}}, {"model": "sessions.session", "pk": "zz7984yzfdjg8gphudj1n8zppmd9mscs", "fields": {"session_data": "eyJkamFuZ29fbGFuZ3VhZ2UiOiJ1ayJ9:1vt6SJ:LzKIyEzvTHEjjPpIMIIGSzQMlizrt__dS5mZgxdZAto", "expire_date": "2026-03-05T16:00:43.091Z"}}, {"model": "shop.categorygroup", "pk": 3, "fields": {"name": "Свічки", "name_ru": "Свечи", "order": 1}}, {"model": "shop.categorygroup", "pk": 4, "fields": {"name": "Аромадифузори", "name_ru": "Аромадифузори", "order": 2}}, {"model": "shop.categorygroup", "pk": 5, "fields": {"name": "Сіль для ван", "name_ru": "Соль для ван", "order": 3}}, {"model": "shop.categorygroup", "pk": 6, "fields": {"name": "Аромасаше", "name_ru": "Аромасаше", "order": 4}}, {"model": "shop.categorygroup", "pk": 9, "fields": {"name": "Ароматы", "name_ru": "Ароматы", "order": 0}}, {"model": "shop.category", "pk": 15, "fields": {"group": 4, "name": "Аромати для дому", "name_ru": "Ароматы для дома", "description": "", "order": 1}}, {"model": "shop.category", "pk": 16, "fields": {"group": 4, "name": "Аромати для авто", "name_ru": "Ароматы для авто", "description": "", "order": 2}}, {"model": "shop.category", "pk": 18, "fields": {"group": 4, "name": "Спреї для текстилю", "name_ru": "Спреи для текстиля", "description": "", "order": 3}}, {"model": "shop.category", "pk": 19, "fields": {"group": 3, "name": "Iced Latte", "name_ru": "Iced Latte", "description": "", "order": 1}}, {"model": "shop.category", "pk": 20, "fields": {"group": 3, "name": "Cвічки-квіти", "name_ru": "Свечи-цветы", "description": "", "order": 2}}, {"model": "shop.category", "pk": 21, "fields": {"group": 3, "name": "Чайні свічки", "name_ru": "Чайные свечи", "description": "", "order": 3}}, {"model": "shop.category", "pk": 22, "fields": {"group": 3, "name": "Свічки у склі", "name_ru": "Свечи в стекле", "description": "", "order": 4}}, {"model": "shop.category", "pk": 23, "fields": {"group": 3, "name": "Свічки-десерти", "name_ru": "Свечи-десерты", "description": "", "order": 4}}, {"model": "shop.category", "pk": 24, "fields": {"group": 3, "name": "Свічки із вощини", "name_ru": "Свечи из вощины", "description": "", "order": 5}}, {"model": "shop.category", "pk": 25, "fields": {"group": 3, "name": "Формові свічки", "name_ru": "Формовые свечи", "description": "", "order": 6}}, {"model": "shop.category", "pk": 26, "fields": {"group": 3, "name": "Прозорі свічки", "name_ru": "Прозрачые свечи", "description": "", "order": 7}}, {"model": "shop.category", "pk": 27, "fields": {"group": null, "name": "Фруктові", "name_ru": null, "description": "", "order": 1}}, {"model": "shop.category", "pk": 28, "fields": {"group": null, "name": "Гурманські", "name_ru": "Гурманские", "description": "", "order": 2}}, {"model": "shop.category", "pk": 29, "fields": {"group": null, "name": "Ароматы", "name_ru": "Ароматы", "description": "1", "order": 0}}, {"model": "shop.category", "pk": 30, "fields": {"group": 9, "name": "Ваниль", "name_ru": null, "description": "", "order": 0}}, {"model": "shop.category", "pk": 31, "fields": {"group": 9, "name": "Шоколад", "name_ru": null, "description": "", "order": 0}}, {"model": "shop.category", "pk": 32, "fields": {"group": 9, "name": "Кофе", "name_ru": null, "description": "", "order": 0}}, {"model": "shop.candlecategory", "pk": 41, "fields": {"candle": 66, "category": 19, "order": 0}}, {"model": "shop.candlecategory", "pk": 42, "fields": {"candle": 67, "category": 22, "order": 0}}, {"model": "shop.candlecategory", "pk": 43, "fields": {"candle": 68, "category": 16, "order": 0}}, {"model": "shop.candlecategory", "pk": 44, "fields": {"candle": 73, "category": 26, "order": 0}}, {"model": "shop.candlecategory", "pk": 45, "fields": {"candle": 74, "category": 25, "order": 0}}, {"model": "shop.candlecategory", "pk": 46, "fields": {"candle": 75, "category": 27, "order": 0}}, {"model": "shop.candlecategory", "pk": 47, "fields": {"candle": 76, "category": 28, "order": 0}}, {"model": "shop.candlecategory", "pk": 48, "fields": {"candle": 67, "category": 32, "order": 0}}, {"model": "shop.candlecategory", "pk": 49, "fields": {"candle": 66, "category": 30, "order": 0}}, {"model": "shop.collection", "pk": 5, "fields": {"code": "relax", "title_uk": "8 березня", "title_ru": null, "description_uk": "Колекція аромапродуктів до Міжнародного жіночого дня", "description_ru": "", "description": "", "banner": "collections/банер_8.jpg", "order": 0}}, {"model": "shop.candle", "pk": 66, "fields": {"name": "Аромасвічка Iced Love Latte (коричнева)", "name_ru": "Аромасвеча  Iced Love Latte (коричневая)", "description": "Аромасвічка «Iced Latte Love» — атмосфера улюбленої кав'ярні у вас вдома Відчуйте затишок та тепло з нашою ексклюзивною свічкою ручної роботи. Вона створена для тих, хто не уявляє свого ранку без аромату свіжої кави та ніжних десертів. \r\n\r\nЧому вона особлива?\r\n\r\n Унікальний дизайн: Свічка створена у вигляді справжнього холодного лате з «кубиками льоду» та молока. Вона стане стильним акцентом у будь-якому інтер'єрі. \r\n\r\nГурманський аромат: Глибокі ноти обсмаженої кави, карамелі та ванілі гармонійно поєднуються з солодким відтінком шоколаду,випічки, цукру створюючи атмосферу спокою та натхнення. \r\n\r\nРучна робота: Кожна свічка від Good Karma виготовляється вручну з любов'ю та увагою до деталей, що робить її ідеальним подарунком для близьких або для себе.\r\n\r\nМатеріал: Високоякісний гелевий віск та натуральний соєвий віск, що забезпечують чисте та тривале горіння. \r\n\r\nПакування: Скляний стакан та чорна подарункова матова коробка із червоною стрічкою", "description_ru": "", "price": "450.00", "is_available": true, "image": "candles/айс_лате_коричнева.jpg", "image2": "candles/айс_лате_коричнева_2.jpg", "image3": "candles/айс_лате_коричнева_3.jpg", "order": 0, "is_hit": false, "is_on_sale": false, "discount_percent": null, "collection": null}}, {"model": "shop.candle", "pk": 67, "fields": {"name": "Свічка Black Diamond", "name_ru": null, "description": "Аромасвічка «Black Diamond» — Втілення витонченої розкоші\r\nДозвольте собі більше, ніж просто аромат. Свічка Black Diamond — це вишуканий елемент інтер’єру, створений для тих, хто цінує естетику в кожній деталі та обирає найкраще.\r\n\r\nЕстетика та дизайн:\r\nГоловна особливість цієї моделі — фактурна чаша з глибоким чорним глянцем. Її грані майстерно заломлюють світло, створюючи гру тіней, що нагадує блиск дорогоцінного обсидіану. Це справжній «чорний діамант» у вашій колекції декору.\r\n\r\nДерев'яний гніт: На відміну від звичайних, наш гніт при горінні видає ніжне потріскування, що нагадує затишний вогонь у каміні.\r\n\r\nПреміальний склад: Ми використовуємо екологічний соєвий віск та преміальні аромати.\r\nЗа замовчуванням Black Diamond має аромат пряного меду та бобів тонка: ніжний та солодкий, аромат розкоші - ідеально поєднує пряні ноти, темний мускус, бергамот та трохи уду з тютюном.\r\nПроте за бажанням ви можете обрати будь-який аромат із нашої колекції індивідуально.\r\n\r\nКонтраст кольорів: Поєднання вугільно-чорної тари та молочно-білого воску виглядає бездоганно в будь-якому сучасному інтер’єрі.\r\nВона ідеально підходить для вечірньої медитації, романтичної вечері або як статусну річ на подарунок людині, яку важко здивувати.", "description_ru": "", "price": "650.00", "is_available": true, "image": "candles/чорне_скло_1.jpg", "image2": "candles/чорне_скло_2.jpg", "image3": "candles/чорне_скло_3.jpg", "order": 0, "is_hit": false, "is_on_sale": false, "discount_percent": null, "collection": null}}, {"model": "shop.candle", "pk": 68, "fields": {"name": "Автопарфум в асортименті", "name_ru": "Автопарфюм в асортименте", "description": "Ексклюзивний автопарфум у склі додасть інтер'єру вашого автомобіля елегантності та наповнить його неповторним ароматом. Наші автопарфуми — це поєднання преміального дизайну, натуральних матеріалів та стійких композицій, які створюють особливий настрій за кермом. Це ідеальний варіант подарунку для кожного власника автомобіля!\r\n\r\nОберіть ідеальний дизайн:\r\nМи пропонуємо кілька стильних комбінацій флаконів, щоб аксесуар гармонійно доповнював саме ваше авто:\r\nModern Contrast: Темна тара з лаконічною світлою кришкою — для поціновувачів виразних деталей.\r\nClassic Deep: Світла тара з глибокою темною кришкою — стримана та універсальна класика.\r\nAll Black: Повністю темне виконання (як на фото) — для створення атмосфери таємничості та розкоші.\r\nPure Nature: Прозоре скло зі світлою дерев'яною кришкою — ідеально для прихильників еко-стилю та легкості.\r\n\r\nЧому варто обрати наш автодифузор?\r\nФлакони виготовлені з товстого скла, а кришки — з натурального дерева, яке поступово вбирає та м'яко віддає аромат.\r\n Спеціальна формула парфуму із преміальних американських ароматів забезпечує тривале звучання аромату без різких хімічних запахів абсолютно безпечна для здоров'я при будь-яких температурах.\r\nАромат можна обрати на вибір із нашої колекції індивідуально чи обрати із наявних.\r\n Зручне кріплення на дзеркало заднього виду дозволяє регулювати інтенсивність випаровування.\r\n\r\nХарактеристики:\r\nМатеріал: Скло, натуральне дерево.\r\nОб'єм: 7 мл (вистачає на 1.5–2 місяці активного використання).\r\nКріплення: Надійний шнурок з регулятором довжини.\r\nПакування: чорний оксамитовий мішечок\r\nДля швидкого розповсюдження аромату просто переверніть флакон на 2-3 секунди, щоб дерев'яна кришка просочилася парфумом.", "description_ru": "", "price": "180.00", "is_available": true, "image": "candles/авто_аромат_1_TgZaizy.jpg", "image2": "candles/автоавромат_2.jpg", "image3": "candles/авторамат_3.jpg", "order": 0, "is_hit": false, "is_on_sale": false, "discount_percent": null, "collection": null}}, {"model": "shop.candle", "pk": 73, "fields": {"name": "Свічка  The sea ​​of ​​flowers", "name_ru": "Свеча The sea ​​of ​​flowers", "description": "Гелева свічка ручної роботи Море квітів -створена для тих, хто цінує красу деталей та природні мотиви. За замовчування аромат Black Sea, проте його завжди можна замінити будь-який із асортименту.\r\nОсобливості цієї свічки:\r\n\r\nУнікальний дизайн: Прозорий гель створює ефект «застиглої води», в якій ніжно зафіксовані сухоцвіти волошок та тендітна гіпсофіла.\r\nМагічна гра світла: Безліч дрібних бульбашок повітря у гелі гарно виблискують при горінні, створюючи чарівну атмосферу.\r\n\r\nХарактеристики:\r\nОб'єм тари: 150 мл.\r\nТривалість горіння: до 60 годин.\r\nСклад: екологічний свічковий гель, натуральні сухоцвіти, бавовняний гніт.\r\n\r\n⚠️ Важливі рекомендації та безпека:\r\n  З міркувань безпеки (щоб уникнути перегріву дна скляної тари) свічка не прогорає повністю.\r\nОскільки всередині містяться натуральні сухоцвіти, під час використання слідкуйте, щоб квіти не підпливали занадто близько до гнота. Якщо це сталося, обережно відсуньте квітку металевим предметом подалі від полум'я.\r\n Не залишайте свічку, що горить, без нагляду та тримайте її подалі від легкозаймистих предметів.\r\n\r\n✨ Ця свічка стане чудовим доповненням інтер’єру або теплим подарунком, що даруватиме світло довгими вечорами.", "description_ru": "", "price": "400.00", "is_available": true, "image": "candles/прозора_1.jpg", "image2": "candles/прозора_горить.jpg", "image3": "candles/прозора_2.jpg", "order": 0, "is_hit": false, "is_on_sale": false, "discount_percent": null, "collection": null}}, {"model": "shop.candle", "pk": 74, "fields": {"name": "Набір свічок Серденько", "name_ru": "Набор свечек Сердечко", "description": "Подаруйте собі або близьким атмосферу ніжності та романтики з нашим набором свічок ручної роботи. Ці витончені серця, прикрашені фактурними квітами та делікатним шимером, стануть ідеальним акцентом для особливого вечора.\r\n\r\nЧому цей набір особливий?\r\n Ми використовуємо 100% соєвий віск — він екологічний, безпечний для здоров'я та горить набагато довше за парафін, не виділяючи шкідливих речовин.\r\n\r\n Всередині кожної свічки додано натуральну слюду - дрібні блискітки, які при таненні воску створюють магічне мерехтливе «озеро», що заворожує.\r\n\r\nФактурний візерунок із дрібних квітів на формі серця робить кожну свічку справжнім витвором мистецтва навіть без паління.\r\nНабір виконаний у трьох ніжних відтінках рожевого та червоного, що ідеально доповнюють один одного.\r\n\r\nХарактеристики кожної свічки:\r\nВага: 70 г (загальна вага набору — 210 г).\r\nЧас горіння: до 5 годин затишного світла однієї свічки\r\nАромати: Pink Sugar Crystals,Sparkling Negroni,Love Spell\r\n\r\n✨ Цей набір — готове рішення для подарунка на День закоханих, річницю або просто спосіб сказати «люблю» без слів.\r\n\r\n⚠️ Увага! Оскільки свічки мають фігурну форму, під час паління рекомендуємо ставити їх на підсвічник або дерев'яну підставку (як на фото), щоб уникнути розтікання воску на поверхню столу.", "description_ru": "", "price": "350.00", "is_available": true, "image": "candles/сердечки_форма_набір.jpg", "image2": "candles/сердчеки_набір_горять.jpg", "image3": "", "order": 0, "is_hit": false, "is_on_sale": false, "discount_percent": null, "collection": null}}, {"model": "shop.candle", "pk": 75, "fields": {"name": "Love Spell", "name_ru": "Love Spell", "description": "Пахне квітами вишні та ягодами, першим коханням і життям без турбот!\r\nНіжний та солодкий, із свіжинкою  фруктів. Елегантно та легко, універсальний аромат.\r\n\r\nВерхні ноти: персик, грейпфрут, яблуко\r\n\r\nСередні: цвіт вишні, гортензія\r\n\r\nБазові: пудра, ваніль", "description_ru": "", "price": "0.00", "is_available": true, "image": "candles/Love-Spell-Fragrance-Oils.webp", "image2": "", "image3": "", "order": 0, "is_hit": false, "is_on_sale": false, "discount_percent": null, "collection": null}}, {"model": "shop.candle", "pk": 76, "fields": {"name": "Black Sea", "name_ru": "Black Sea", "description": "Цей аромат пахне так ніби із подихом відразу потрапляєш у затишну глибину океану м'якості, свіжого, чистого повітря після грози влітку. З нотками солодкої сливи, кислинкою мускусу,  морської солі та трошки гіркості запаленого сандалу - універсальний аромат для будь-якої статі, інтер'єру.\r\n\r\nВерхні ноти: петитгрейн, озон\r\n\r\nСередні: морська сіль, слива, евкаліпт\r\n\r\nБазові: пудра, сандалове дерево, темний мускус", "description_ru": "", "price": "0.00", "is_available": true, "image": "candles/black_sea_fragrance_oil.webp", "image2": "", "image3": "", "order": 0, "is_hit": false, "is_on_sale": false, "discount_percent": null, "collection": null}}, {"model": "shop.order", "pk": 2, "fields": {"full_name": "Пащенко Станислав", "phone": "+380934144277", "email": "snobys911@gmail.com", "city": "м. Дніпро, Дніпропетровська обл.", "warehouse": "Отделение №1 - Відділення №1: вул. Сонячна Набережна, 114", "payment_method": "card", "notes": "", "agree_to_terms": true, "created_at": "2026-02-20T20:07:51.080Z", "updated_at": "2026-02-20T20:07:51.081Z", "status": "new"}}, {"model": "shop.order", "pk": 3, "fields": {"full_name": "Пащенко Станислав", "phone": "+380934144277", "email": "snobys911@gmail.com", "city": "м. Дніпро, Дніпропетровська обл.", "warehouse": "Отделение №1 - Відділення №1: вул. Сонячна Набережна, 114", "payment_method": "card", "notes": "", "agree_to_terms": true, "created_at": "2026-02-21T13:01:03.273Z", "updated_at": "2026-02-21T13:01:03.274Z", "status": "new"}}, {"model": "shop.order", "pk": 4, "fields": {"full_name": "Пащенко Станислав", "phone": "+380934144277", "email": "snobys911@gmail.com", "city": "м. Олександрія, Олександрійська міськрада, Кіровоградська обл.", "warehouse": "Отделение №1 - Відділення №1: просп. Соборний, 170А", "payment_method": "card", "notes": "", "agree_to_terms": true, "created_at": "2026-02-21T13:28:41.254Z", "updated_at": "2026-02-21T13:28:41.254Z", "status": "new"}}, {"model": "shop.orderitem", "pk": 2, "fields": {"order": 2, "candle": 67, "quantity": 1, "price": "650.00"}}, {"model": "shop.orderitem", "pk": 3, "fields": {"order": 3, "candle": null, "quantity": 1, "price": "200.00"}}, {"model": "shop.orderitem", "pk": 4, "fields": {"order": 4, "candle": 67, "quantity": 1, "price": "650.00"}}, {"model": "shop.productoption", "pk": 19, "fields": {"product": 68, "name": "Варіанти пляшечки", "name_ru": "Варианты бутылочки", "is_required": true, "input_type": "select", "sort_order": 0}}, {"model": "shop.productoption", "pk": 20, "fields": {"product": 68, "name": "Аромат", "name_ru": null, "is_required": false, "input_type": "select", "sort_order": 0}}, {"model": "shop.productoptionvalue", "pk": 44, "fields": {"option": 19, "value": "Modern Contrast: Темна тара та світла кришка", "value_ru": "Modern Contrast: Темная тара и светлая кришка", "sort_order": 0, "price_modifier": "0.00"}}, {"model": "shop.productoptionvalue", "pk": 45, "fields": {"option": 19, "value": "Classic Deep: Прозора тара із темною кришкою", "value_ru": "Classic Deep: Прозрачная тара из темной кришкой", "sort_order": 0, "price_modifier": "0.00"}}, {"model": "shop.productoptionvalue", "pk": 46, "fields": {"option": 19, "value": "All Black: Тара та кришка темні", "value_ru": "All Black: Тара и крышка темные", "sort_order": 0, "price_modifier": "0.00"}}, {"model": "shop.productoptionvalue", "pk": 47, "fields": {"option": 19, "value": "Pure Nature: Прозора тара та світла кришка", "value_ru": "Pure Nature: Прозрачная тара и светлая крышка", "sort_order": 0, "price_modifier": "0.00"}}, {"model": "shop.productoptionvalue", "pk": 48, "fields": {"option": 20, "value": "Ваниль", "value_ru": null, "sort_order": 0, "price_modifier": "0.00"}}, {"model": "shop.productoptionvalue", "pk": 49, "fields": {"option": 20, "value": "Шоколад", "value_ru": null, "sort_order": 0, "price_modifier": "0.00"}}, {"model": "shop.productoptionvalue", "pk": 50, "fields": {"option": 20, "value": "Ваш вариант", "value_ru": null, "sort_order": 0, "price_modifier": "0.00"}}, {"model": "shop.orderitemoption", "pk": 1, "fields": {"order_item": 2, "option_name": "1", "value_name": "1", "price_modifier": "0.00"}}, {"model": "shop.orderitemoption", "pk": 2, "fields": {"order_item": 2, "option_name": "2", "value_name": "2", "price_modifier": "0.00"}}, {"model": "shop.orderitemoption", "pk": 3, "fields": {"order_item": 3, "option_name": "1", "value_name": "1", "price_modifier": "0.00"}}, {"model": "shop.orderitemoption", "pk": 4, "fields": {"order_item": 3, "option_name": "2", "value_name": "2", "price_modifier": "0.00"}}, {"model": "shop.orderitemoption", "pk": 5, "fields": {"order_item": 3, "option_name": "3", "value_name": "3", "price_modifier": "0.00"}}, {"model": "admin.logentry", "pk": 1, "fields": {"action_time": "2026-02-17T20:32:57.456Z", "user": ["admin"], "content_type": ["shop", "candle"], "object_id": "51", "object_repr": "Роза свеча #50", "action_flag": 2, "change_message": "[{\"changed\": {\"fields\": [\"Is hit\", \"Is on sale\", \"Discount percent\"]}}, {\"added\": {\"name\": \"candle category\", \"object\": \"CandleCategory object (30)\"}}, {\"added\": {\"name\": \"candle category\", \"object\": \"CandleCategory object (31)\"}}, {\"added\": {\"name\": \"candle category\", \"object\": \"CandleCategory object (32)\"}}]"}}, {"model": "admin.logentry", "pk": 2, "fields": {"action_time": "2026-02-17T20:33:52.160Z", "user": ["admin"], "content_type": ["shop", "collection"], "object_id": "1", "object_repr": "коллекция укр тест", "action_flag": 3, "change_message": ""}}, {"model": "admin.logentry", "pk": 3, "fields": {"action_time": "2026-02-17T20:34:12.083Z", "user": ["admin"], "content_type": ["shop", "category"], "object_id": "6", "object_repr": "Класичні свічки", "action_flag": 3, "change_message": ""}}, {"model": "admin.logentry", "pk": 4, "fields": {"action_time": "2026-02-17T20:34:55.998Z", "user": ["admin"], "content_type": ["shop", "collection"], "object_id": "2", "object_repr": "1", "action_flag": 1, "change_message": "[{\"added\": {}}, {\"added\": {\"name\": \"\\u0422\\u043e\\u0432\\u0430\\u0440 \\u0432 \\u043a\\u043e\\u043b\\u043b\\u0435\\u043a\\u0446\\u0438\\u0438\", \"object\": \"1 \\u2014 \\u042f\\u0431\\u043b\\u0443\\u043a\\u043e \\u0441\\u0432\\u0456\\u0447\\u043a\\u0430 #39\"}}, {\"added\": {\"name\": \"\\u0422\\u043e\\u0432\\u0430\\u0440 \\u0432 \\u043a\\u043e\\u043b\\u043b\\u0435\\u043a\\u0446\\u0438\\u0438\", \"object\": \"1 \\u2014 \\u0412\\u0430\\u043d\\u0456\\u043b\\u044c \\u0441\\u0432\\u0456\\u0447\\u043a\\u0430 #43\"}}, {\"added\": {\"name\": \"\\u0422\\u043e\\u0432\\u0430\\u0440 \\u0432 \\u043a\\u043e\\u043b\\u043b\\u0435\\u043a\\u0446\\u0438\\u0438\", \"object\": \"1 \\u2014 \\u041c\\u043e\\u0440\\u0441\\u044c\\u043a\\u0438\\u0439 \\u0431\\u0440\\u0438\\u0437 \\u0441\\u0432\\u0456\\u0447\\u043a\\u0430 #36\"}}, {\"added\": {\"name\": \"\\u0422\\u043e\\u0432\\u0430\\u0440 \\u0432 \\u043a\\u043e\\u043b\\u043b\\u0435\\u043a\\u0446\\u0438\\u0438\", \"object\": \"1 \\u2014 \\u041c\\u0443\\u0441\\u043a\\u0443\\u0441 \\u0441\\u0432\\u0456\\u0447\\u043a\\u0430 #45\"}}, {\"added\": {\"name\": \"\\u0422\\u043e\\u0432\\u0430\\u0440 \\u0432 \\u043a\\u043e\\u043b\\u043b\\u0435\\u043a\\u0446\\u0438\\u0438\", \"object\": \"1 \\u2014 \\u0422\\u0440\\u043e\\u044f\\u043d\\u0434\\u0430 \\u0441\\u0432\\u0456\\u0447\\u043a\\u0430 #46\"}}]"}}, {"model": "admin.logentry", "pk": 5, "fields": {"action_time": "2026-02-17T20:35:34.056Z", "user": ["admin"], "content_type": ["shop", "categorygroup"], "object_id": "1", "object_repr": "1", "action_flag": 1, "change_message": "[{\"added\": {}}, {\"added\": {\"name\": \"category\", \"object\": \"1\"}}, {\"added\": {\"name\": \"category\", \"object\": \"2\"}}, {\"added\": {\"name\": \"category\", \"object\": \"3\"}}]"}}, {"model": "admin.logentry", "pk": 6, "fields": {"action_time": "2026-02-17T20:36:22.011Z", "user": ["admin"], "content_type": ["shop", "categorygroup"], "object_id": "2", "object_repr": "2", "action_flag": 1, "change_message": "[{\"added\": {}}, {\"added\": {\"name\": \"category\", \"object\": \"1\"}}, {\"added\": {\"name\": \"category\", \"object\": \"2\"}}, {\"added\": {\"name\": \"category\", \"object\": \"3\"}}, {\"added\": {\"name\": \"category\", \"object\": \"4\"}}]"}}, {"model": "admin.logentry", "pk": 7, "fields": {"action_time": "2026-02-17T20:36:36.217Z", "user": ["admin"], "content_type": ["shop", "categorygroup"], "object_id": "2", "object_repr": "2", "action_flag": 2, "change_message": "[{\"changed\": {\"name\": \"category\", \"object\": \"2\", \"fields\": [\"\\u041f\\u043e\\u0440\\u044f\\u0434\\u043e\\u043a\"]}}, {\"changed\": {\"name\": \"category\", \"object\": \"3\", \"fields\": [\"\\u041f\\u043e\\u0440\\u044f\\u0434\\u043e\\u043a\"]}}]"}}, {"model": "admin.logentry", "pk": 8, "fields": {"action_time": "2026-02-17T20:37:14.652Z", "user": ["admin"], "content_type": ["shop", "candle"], "object_id": "51", "object_repr": "Троянда свічка #50", "action_flag": 2, "change_message": "[{\"changed\": {\"fields\": [\"\\u041a\\u043e\\u043b\\u043b\\u0435\\u043a\\u0446\\u0438\\u044f \\u043f\\u043e \\u043d\\u0430\\u0441\\u0442\\u0440\\u043e\\u0435\\u043d\\u0438\\u044e\"]}}]"}}, {"model": "admin.logentry", "pk": 9, "fields": {"action_time": "2026-02-17T20:37:49.100Z", "user": ["admin"], "content_type": ["shop", "candle"], "object_id": "16", "object_repr": "Ліс свічка #15", "action_flag": 2, "change_message": "[{\"changed\": {\"fields\": [\"\\u041a\\u043e\\u043b\\u043b\\u0435\\u043a\\u0446\\u0438\\u044f \\u043f\\u043e \\u043d\\u0430\\u0441\\u0442\\u0440\\u043e\\u0435\\u043d\\u0438\\u044e\"]}}]"}}, {"model": "admin.logentry", "pk": 10, "fields": {"action_time": "2026-02-17T20:38:14.957Z", "user": ["admin"], "content_type": ["shop", "collection"], "object_id": "2", "object_repr": "1", "action_flag": 2, "change_message": "[{\"added\": {\"name\": \"\\u0422\\u043e\\u0432\\u0430\\u0440 \\u0432 \\u043a\\u043e\\u043b\\u043b\\u0435\\u043a\\u0446\\u0438\\u0438\", \"object\": \"1 \\u2014 \\u0412\\u0430\\u043d\\u0456\\u043b\\u044c \\u0441\\u0432\\u0456\\u0447\\u043a\\u0430 #2\"}}]"}}, {"model": "admin.logentry", "pk": 11, "fields": {"action_time": "2026-02-17T20:38:34.171Z", "user": ["admin"], "content_type": ["shop", "collection"], "object_id": "3", "object_repr": "2", "action_flag": 1, "change_message": "[{\"added\": {}}]"}}, {"model": "admin.logentry", "pk": 12, "fields": {"action_time": "2026-02-17T20:38:53.266Z", "user": ["admin"], "content_type": ["shop", "candle"], "object_id": "42", "object_repr": "Лимон свічка #41", "action_flag": 2, "change_message": "[{\"changed\": {\"fields\": [\"\\u041a\\u043e\\u043b\\u043b\\u0435\\u043a\\u0446\\u0438\\u044f \\u043f\\u043e \\u043d\\u0430\\u0441\\u0442\\u0440\\u043e\\u0435\\u043d\\u0438\\u044e\"]}}]"}}, {"model": "admin.logentry", "pk": 13, "fields": {"action_time": "2026-02-17T20:48:13.298Z", "user": ["admin"], "content_type": ["shop", "candle"], "object_id": "23", "object_repr": "Корица свічка #22", "action_flag": 2, "change_message": "[{\"added\": {\"name\": \"candle category\", \"object\": \"CandleCategory object (33)\"}}]"}}, {"model": "admin.logentry", "pk": 14, "fields": {"action_time": "2026-02-17T20:51:57.066Z", "user": ["admin"], "content_type": ["shop", "candle"], "object_id": "2", "object_repr": "Кардамон свічка #1", "action_flag": 2, "change_message": "[{\"changed\": {\"fields\": [\"Image2\", \"Image3\"]}}]"}}, {"model": "admin.logentry", "pk": 15, "fields": {"action_time": "2026-02-17T20:52:09.925Z", "user": ["admin"], "content_type": ["shop", "candle"], "object_id": "2", "object_repr": "Кардамон свічка #1", "action_flag": 2, "change_message": "[{\"added\": {\"name\": \"candle category\", \"object\": \"CandleCategory object (34)\"}}, {\"added\": {\"name\": \"candle category\", \"object\": \"CandleCategory object (35)\"}}, {\"added\": {\"name\": \"candle category\", \"object\": \"CandleCategory object (36)\"}}]"}}, {"model": "admin.logentry", "pk": 16, "fields": {"action_time": "2026-02-17T20:53:02.929Z", "user": ["admin"], "content_type": ["shop", "collection"], "object_id": "2", "object_repr": "1", "action_flag": 2, "change_message": "[{\"deleted\": {\"name\": \"\\u0422\\u043e\\u0432\\u0430\\u0440 \\u0432 \\u043a\\u043e\\u043b\\u043b\\u0435\\u043a\\u0446\\u0438\\u0438\", \"object\": \"1 \\u2014 \\u0412\\u0430\\u043d\\u0456\\u043b\\u044c \\u0441\\u0432\\u0456\\u0447\\u043a\\u0430 #2\"}}]"}}, {"model": "admin.logentry", "pk": 17, "fields": {"action_time": "2026-02-18T07:52:39.779Z", "user": ["admin"], "content_type": ["shop", "candle"], "object_id": "65", "object_repr": "Blue Matcha", "action_flag": 1, "change_message": "[{\"added\": {}}, {\"added\": {\"name\": \"candle category\", \"object\": \"CandleCategory object (37)\"}}, {\"added\": {\"name\": \"candle category\", \"object\": \"CandleCategory object (38)\"}}, {\"added\": {\"name\": \"candle category\", \"object\": \"CandleCategory object (39)\"}}, {\"added\": {\"name\": \"candle category\", \"object\": \"CandleCategory object (40)\"}}]"}}, {"model": "admin.logentry", "pk": 18, "fields": {"action_time": "2026-02-18T07:53:03.486Z", "user": ["admin"], "content_type": ["shop", "candle"], "object_id": "65", "object_repr": "Blue Matcha", "action_flag": 2, "change_message": "[{\"added\": {\"name\": \"candle image\", \"object\": \"65 #1\"}}]"}}, {"model": "admin.logentry", "pk": 19, "fields": {"action_time": "2026-02-18T07:59:49.761Z", "user": ["admin"], "content_type": ["shop", "candle"], "object_id": "65", "object_repr": "Blue Matcha", "action_flag": 2, "change_message": "[{\"added\": {\"name\": \"candle image\", \"object\": \"65 #2\"}}]"}}, {"model": "admin.logentry", "pk": 20, "fields": {"action_time": "2026-02-19T11:29:30.287Z", "user": ["admin"], "content_type": ["shop", "candle"], "object_id": "65", "object_repr": "Blue Matcha", "action_flag": 3, "change_message": ""}}, {"model": "admin.logentry", "pk": 21, "fields": {"action_time": "2026-02-19T11:29:30.287Z", "user": ["admin"], "content_type": ["shop", "candle"], "object_id": "51", "object_repr": "Троянда свічка #50", "action_flag": 3, "change_message": ""}}, {"model": "admin.logentry", "pk": 22, "fields": {"action_time": "2026-02-19T11:29:30.287Z", "user": ["admin"], "content_type": ["shop", "candle"], "object_id": "50", "object_repr": "Кардамон свічка #49", "action_flag": 3, "change_message": ""}}, {"model": "admin.logentry", "pk": 23, "fields": {"action_time": "2026-02-19T11:29:30.287Z", "user": ["admin"], "content_type": ["shop", "candle"], "object_id": "49", "object_repr": "Корица свічка #48", "action_flag": 3, "change_message": ""}}, {"model": "admin.logentry", "pk": 24, "fields": {"action_time": "2026-02-19T11:29:30.288Z", "user": ["admin"], "content_type": ["shop", "candle"], "object_id": "48", "object_repr": "Троянда свічка #47", "action_flag": 3, "change_message": ""}}, {"model": "admin.logentry", "pk": 25, "fields": {"action_time": "2026-02-19T11:29:30.288Z", "user": ["admin"], "content_type": ["shop", "candle"], "object_id": "47", "object_repr": "Троянда свічка #46", "action_flag": 3, "change_message": ""}}, {"model": "admin.logentry", "pk": 26, "fields": {"action_time": "2026-02-19T11:29:30.288Z", "user": ["admin"], "content_type": ["shop", "candle"], "object_id": "46", "object_repr": "Мускус свічка #45", "action_flag": 3, "change_message": ""}}, {"model": "admin.logentry", "pk": 27, "fields": {"action_time": "2026-02-19T11:29:30.288Z", "user": ["admin"], "content_type": ["shop", "candle"], "object_id": "45", "object_repr": "Лавандовий свічка #44", "action_flag": 3, "change_message": ""}}, {"model": "admin.logentry", "pk": 28, "fields": {"action_time": "2026-02-19T11:29:30.288Z", "user": ["admin"], "content_type": ["shop", "candle"], "object_id": "44", "object_repr": "Ваніль свічка #43", "action_flag": 3, "change_message": ""}}, {"model": "admin.logentry", "pk": 29, "fields": {"action_time": "2026-02-19T11:29:30.288Z", "user": ["admin"], "content_type": ["shop", "candle"], "object_id": "43", "object_repr": "Мускус свічка #42", "action_flag": 3, "change_message": ""}}, {"model": "admin.logentry", "pk": 30, "fields": {"action_time": "2026-02-19T11:29:30.288Z", "user": ["admin"], "content_type": ["shop", "candle"], "object_id": "42", "object_repr": "Лимон свічка #41", "action_flag": 3, "change_message": ""}}, {"model": "admin.logentry", "pk": 31, "fields": {"action_time": "2026-02-19T11:29:30.288Z", "user": ["admin"], "content_type": ["shop", "candle"], "object_id": "41", "object_repr": "Шоколад свічка #40", "action_flag": 3, "change_message": ""}}, {"model": "admin.logentry", "pk": 32, "fields": {"action_time": "2026-02-19T11:29:30.288Z", "user": ["admin"], "content_type": ["shop", "candle"], "object_id": "40", "object_repr": "Яблуко свічка #39", "action_flag": 3, "change_message": ""}}, {"model": "admin.logentry", "pk": 33, "fields": {"action_time": "2026-02-19T11:29:30.288Z", "user": ["admin"], "content_type": ["shop", "candle"], "object_id": "39", "object_repr": "Морський бриз свічка #38", "action_flag": 3, "change_message": ""}}, {"model": "admin.logentry", "pk": 34, "fields": {"action_time": "2026-02-19T11:29:30.288Z", "user": ["admin"], "content_type": ["shop", "candle"], "object_id": "38", "object_repr": "Мускус свічка #37", "action_flag": 3, "change_message": ""}}, {"model": "admin.logentry", "pk": 35, "fields": {"action_time": "2026-02-19T11:29:30.288Z", "user": ["admin"], "content_type": ["shop", "candle"], "object_id": "37", "object_repr": "Морський бриз свічка #36", "action_flag": 3, "change_message": ""}}, {"model": "admin.logentry", "pk": 36, "fields": {"action_time": "2026-02-19T11:29:30.288Z", "user": ["admin"], "content_type": ["shop", "candle"], "object_id": "36", "object_repr": "Яблуко свічка #35", "action_flag": 3, "change_message": ""}}, {"model": "admin.logentry", "pk": 37, "fields": {"action_time": "2026-02-19T11:29:30.288Z", "user": ["admin"], "content_type": ["shop", "candle"], "object_id": "35", "object_repr": "Морський бриз свічка #34", "action_flag": 3, "change_message": ""}}, {"model": "admin.logentry", "pk": 38, "fields": {"action_time": "2026-02-19T11:29:30.288Z", "user": ["admin"], "content_type": ["shop", "candle"], "object_id": "34", "object_repr": "Кавуни свічка #33", "action_flag": 3, "change_message": ""}}, {"model": "admin.logentry", "pk": 39, "fields": {"action_time": "2026-02-19T11:29:30.288Z", "user": ["admin"], "content_type": ["shop", "candle"], "object_id": "33", "object_repr": "Корица свічка #32", "action_flag": 3, "change_message": ""}}, {"model": "admin.logentry", "pk": 40, "fields": {"action_time": "2026-02-19T11:29:30.288Z", "user": ["admin"], "content_type": ["shop", "candle"], "object_id": "32", "object_repr": "Ваніль свічка #31", "action_flag": 3, "change_message": ""}}, {"model": "admin.logentry", "pk": 41, "fields": {"action_time": "2026-02-19T11:29:30.288Z", "user": ["admin"], "content_type": ["shop", "candle"], "object_id": "31", "object_repr": "Жасмін свічка #30", "action_flag": 3, "change_message": ""}}, {"model": "admin.logentry", "pk": 42, "fields": {"action_time": "2026-02-19T11:29:30.288Z", "user": ["admin"], "content_type": ["shop", "candle"], "object_id": "30", "object_repr": "Кавуни свічка #29", "action_flag": 3, "change_message": ""}}, {"model": "admin.logentry", "pk": 43, "fields": {"action_time": "2026-02-19T11:29:30.288Z", "user": ["admin"], "content_type": ["shop", "candle"], "object_id": "29", "object_repr": "Яблуко свічка #28", "action_flag": 3, "change_message": ""}}, {"model": "admin.logentry", "pk": 44, "fields": {"action_time": "2026-02-19T11:29:30.288Z", "user": ["admin"], "content_type": ["shop", "candle"], "object_id": "28", "object_repr": "Мед свічка #27", "action_flag": 3, "change_message": ""}}, {"model": "admin.logentry", "pk": 45, "fields": {"action_time": "2026-02-19T11:29:30.289Z", "user": ["admin"], "content_type": ["shop", "candle"], "object_id": "27", "object_repr": "Лимон свічка #26", "action_flag": 3, "change_message": ""}}, {"model": "admin.logentry", "pk": 46, "fields": {"action_time": "2026-02-19T11:29:30.289Z", "user": ["admin"], "content_type": ["shop", "candle"], "object_id": "26", "object_repr": "Яблуко свічка #25", "action_flag": 3, "change_message": ""}}, {"model": "admin.logentry", "pk": 47, "fields": {"action_time": "2026-02-19T11:29:30.289Z", "user": ["admin"], "content_type": ["shop", "candle"], "object_id": "25", "object_repr": "Морський бриз свічка #24", "action_flag": 3, "change_message": ""}}, {"model": "admin.logentry", "pk": 48, "fields": {"action_time": "2026-02-19T11:29:30.289Z", "user": ["admin"], "content_type": ["shop", "candle"], "object_id": "24", "object_repr": "Троянда свічка #23", "action_flag": 3, "change_message": ""}}, {"model": "admin.logentry", "pk": 49, "fields": {"action_time": "2026-02-19T11:29:30.289Z", "user": ["admin"], "content_type": ["shop", "candle"], "object_id": "23", "object_repr": "Корица свічка #22", "action_flag": 3, "change_message": ""}}, {"model": "admin.logentry", "pk": 50, "fields": {"action_time": "2026-02-19T11:29:30.289Z", "user": ["admin"], "content_type": ["shop", "candle"], "object_id": "22", "object_repr": "Корица свічка #21", "action_flag": 3, "change_message": ""}}, {"model": "admin.logentry", "pk": 51, "fields": {"action_time": "2026-02-19T11:29:30.289Z", "user": ["admin"], "content_type": ["shop", "candle"], "object_id": "21", "object_repr": "Морський бриз свічка #20", "action_flag": 3, "change_message": ""}}, {"model": "admin.logentry", "pk": 52, "fields": {"action_time": "2026-02-19T11:29:30.289Z", "user": ["admin"], "content_type": ["shop", "candle"], "object_id": "20", "object_repr": "Троянда свічка #19", "action_flag": 3, "change_message": ""}}, {"model": "admin.logentry", "pk": 53, "fields": {"action_time": "2026-02-19T11:29:30.289Z", "user": ["admin"], "content_type": ["shop", "candle"], "object_id": "19", "object_repr": "Мускус свічка #18", "action_flag": 3, "change_message": ""}}, {"model": "admin.logentry", "pk": 54, "fields": {"action_time": "2026-02-19T11:29:30.289Z", "user": ["admin"], "content_type": ["shop", "candle"], "object_id": "18", "object_repr": "Морський бриз свічка #17", "action_flag": 3, "change_message": ""}}, {"model": "admin.logentry", "pk": 55, "fields": {"action_time": "2026-02-19T11:29:30.289Z", "user": ["admin"], "content_type": ["shop", "candle"], "object_id": "17", "object_repr": "Мускус свічка #16", "action_flag": 3, "change_message": ""}}, {"model": "admin.logentry", "pk": 56, "fields": {"action_time": "2026-02-19T11:29:30.289Z", "user": ["admin"], "content_type": ["shop", "candle"], "object_id": "16", "object_repr": "Ліс свічка #15", "action_flag": 3, "change_message": ""}}, {"model": "admin.logentry", "pk": 57, "fields": {"action_time": "2026-02-19T11:29:30.289Z", "user": ["admin"], "content_type": ["shop", "candle"], "object_id": "15", "object_repr": "Мед свічка #14", "action_flag": 3, "change_message": ""}}, {"model": "admin.logentry", "pk": 58, "fields": {"action_time": "2026-02-19T11:29:30.289Z", "user": ["admin"], "content_type": ["shop", "candle"], "object_id": "14", "object_repr": "Апельсин свічка #13", "action_flag": 3, "change_message": ""}}, {"model": "admin.logentry", "pk": 59, "fields": {"action_time": "2026-02-19T11:29:30.289Z", "user": ["admin"], "content_type": ["shop", "candle"], "object_id": "13", "object_repr": "Кардамон свічка #12", "action_flag": 3, "change_message": ""}}, {"model": "admin.logentry", "pk": 60, "fields": {"action_time": "2026-02-19T11:29:30.289Z", "user": ["admin"], "content_type": ["shop", "candle"], "object_id": "12", "object_repr": "Троянда свічка #11", "action_flag": 3, "change_message": ""}}, {"model": "admin.logentry", "pk": 61, "fields": {"action_time": "2026-02-19T11:29:30.289Z", "user": ["admin"], "content_type": ["shop", "candle"], "object_id": "11", "object_repr": "Корица свічка #10", "action_flag": 3, "change_message": ""}}, {"model": "admin.logentry", "pk": 62, "fields": {"action_time": "2026-02-19T11:29:30.289Z", "user": ["admin"], "content_type": ["shop", "candle"], "object_id": "10", "object_repr": "Лимон свічка #9", "action_flag": 3, "change_message": ""}}, {"model": "admin.logentry", "pk": 63, "fields": {"action_time": "2026-02-19T11:29:30.289Z", "user": ["admin"], "content_type": ["shop", "candle"], "object_id": "9", "object_repr": "Ваніль свічка #8", "action_flag": 3, "change_message": ""}}, {"model": "admin.logentry", "pk": 64, "fields": {"action_time": "2026-02-19T11:29:30.289Z", "user": ["admin"], "content_type": ["shop", "candle"], "object_id": "8", "object_repr": "Яблуко свічка #7", "action_flag": 3, "change_message": ""}}, {"model": "admin.logentry", "pk": 65, "fields": {"action_time": "2026-02-19T11:29:30.289Z", "user": ["admin"], "content_type": ["shop", "candle"], "object_id": "64", "object_repr": "Aroma Сandle", "action_flag": 3, "change_message": ""}}, {"model": "admin.logentry", "pk": 66, "fields": {"action_time": "2026-02-19T11:29:30.289Z", "user": ["admin"], "content_type": ["shop", "candle"], "object_id": "2", "object_repr": "Кардамон свічка #1", "action_flag": 3, "change_message": ""}}, {"model": "admin.logentry", "pk": 67, "fields": {"action_time": "2026-02-19T11:29:30.289Z", "user": ["admin"], "content_type": ["shop", "candle"], "object_id": "3", "object_repr": "Ваніль свічка #2", "action_flag": 3, "change_message": ""}}, {"model": "admin.logentry", "pk": 68, "fields": {"action_time": "2026-02-19T11:29:30.289Z", "user": ["admin"], "content_type": ["shop", "candle"], "object_id": "4", "object_repr": "Мускус свічка #3", "action_flag": 3, "change_message": ""}}, {"model": "admin.logentry", "pk": 69, "fields": {"action_time": "2026-02-19T11:29:30.290Z", "user": ["admin"], "content_type": ["shop", "candle"], "object_id": "5", "object_repr": "Кардамон свічка #4", "action_flag": 3, "change_message": ""}}, {"model": "admin.logentry", "pk": 70, "fields": {"action_time": "2026-02-19T11:29:30.290Z", "user": ["admin"], "content_type": ["shop", "candle"], "object_id": "6", "object_repr": "Шоколад свічка #5", "action_flag": 3, "change_message": ""}}, {"model": "admin.logentry", "pk": 71, "fields": {"action_time": "2026-02-19T11:29:30.290Z", "user": ["admin"], "content_type": ["shop", "candle"], "object_id": "7", "object_repr": "Яблуко свічка #6", "action_flag": 3, "change_message": ""}}, {"model": "admin.logentry", "pk": 72, "fields": {"action_time": "2026-02-19T11:29:30.290Z", "user": ["admin"], "content_type": ["shop", "candle"], "object_id": "52", "object_repr": "Шоколад свічка test #1", "action_flag": 3, "change_message": ""}}, {"model": "admin.logentry", "pk": 73, "fields": {"action_time": "2026-02-19T11:29:30.290Z", "user": ["admin"], "content_type": ["shop", "candle"], "object_id": "53", "object_repr": "Кардамон свічка test #2", "action_flag": 3, "change_message": ""}}, {"model": "admin.logentry", "pk": 74, "fields": {"action_time": "2026-02-19T11:29:30.290Z", "user": ["admin"], "content_type": ["shop", "candle"], "object_id": "54", "object_repr": "Морський бриз свічка test #3", "action_flag": 3, "change_message": ""}}, {"model": "admin.logentry", "pk": 75, "fields": {"action_time": "2026-02-19T11:29:30.290Z", "user": ["admin"], "content_type": ["shop", "candle"], "object_id": "55", "object_repr": "Мускус свічка test #4", "action_flag": 3, "change_message": ""}}, {"model": "admin.logentry", "pk": 76, "fields": {"action_time": "2026-02-19T11:29:30.290Z", "user": ["admin"], "content_type": ["shop", "candle"], "object_id": "56", "object_repr": "Мускус свічка test #5", "action_flag": 3, "change_message": ""}}, {"model": "admin.logentry", "pk": 77, "fields": {"action_time": "2026-02-19T11:29:30.290Z", "user": ["admin"], "content_type": ["shop", "candle"], "object_id": "57", "object_repr": "Апельсин свічка test #6", "action_flag": 3, "change_message": ""}}, {"model": "admin.logentry", "pk": 78, "fields": {"action_time": "2026-02-19T11:29:30.290Z", "user": ["admin"], "content_type": ["shop", "candle"], "object_id": "58", "object_repr": "Мускус свічка test #7", "action_flag": 3, "change_message": ""}}, {"model": "admin.logentry", "pk": 79, "fields": {"action_time": "2026-02-19T11:29:30.290Z", "user": ["admin"], "content_type": ["shop", "candle"], "object_id": "59", "object_repr": "Апельсин свічка test #8", "action_flag": 3, "change_message": ""}}, {"model": "admin.logentry", "pk": 80, "fields": {"action_time": "2026-02-19T11:29:30.290Z", "user": ["admin"], "content_type": ["shop", "candle"], "object_id": "60", "object_repr": "Лавандовий свічка test #9", "action_flag": 3, "change_message": ""}}, {"model": "admin.logentry", "pk": 81, "fields": {"action_time": "2026-02-19T11:29:30.290Z", "user": ["admin"], "content_type": ["shop", "candle"], "object_id": "61", "object_repr": "Мускус свічка test #10", "action_flag": 3, "change_message": ""}}, {"model": "admin.logentry", "pk": 82, "fields": {"action_time": "2026-02-19T11:29:37.248Z", "user": ["admin"], "content_type": ["shop", "categorygroup"], "object_id": "1", "object_repr": "1", "action_flag": 3, "change_message": ""}}, {"model": "admin.logentry", "pk": 83, "fields": {"action_time": "2026-02-19T11:29:37.249Z", "user": ["admin"], "content_type": ["shop", "categorygroup"], "object_id": "2", "object_repr": "2", "action_flag": 3, "change_message": ""}}, {"model": "admin.logentry", "pk": 84, "fields": {"action_time": "2026-02-19T11:29:42.605Z", "user": ["admin"], "content_type": ["shop", "order"], "object_id": "1", "object_repr": "Замовлення #1 - Пащенко Станислав", "action_flag": 3, "change_message": ""}}, {"model": "admin.logentry", "pk": 85, "fields": {"action_time": "2026-02-19T11:29:49.321Z", "user": ["admin"], "content_type": ["shop", "category"], "object_id": "11", "object_repr": "1", "action_flag": 3, "change_message": ""}}, {"model": "admin.logentry", "pk": 86, "fields": {"action_time": "2026-02-19T11:29:49.321Z", "user": ["admin"], "content_type": ["shop", "category"], "object_id": "10", "object_repr": "3", "action_flag": 3, "change_message": ""}}, {"model": "admin.logentry", "pk": 87, "fields": {"action_time": "2026-02-19T11:29:49.321Z", "user": ["admin"], "content_type": ["shop", "category"], "object_id": "1", "object_repr": "Квітучі свічки", "action_flag": 3, "change_message": ""}}, {"model": "admin.logentry", "pk": 88, "fields": {"action_time": "2026-02-19T11:29:49.321Z", "user": ["admin"], "content_type": ["shop", "category"], "object_id": "9", "object_repr": "2", "action_flag": 3, "change_message": ""}}, {"model": "admin.logentry", "pk": 89, "fields": {"action_time": "2026-02-19T11:29:49.321Z", "user": ["admin"], "content_type": ["shop", "category"], "object_id": "13", "object_repr": "3", "action_flag": 3, "change_message": ""}}, {"model": "admin.logentry", "pk": 90, "fields": {"action_time": "2026-02-19T11:29:49.321Z", "user": ["admin"], "content_type": ["shop", "category"], "object_id": "2", "object_repr": "Ароматні свічки", "action_flag": 3, "change_message": ""}}, {"model": "admin.logentry", "pk": 91, "fields": {"action_time": "2026-02-19T11:29:49.322Z", "user": ["admin"], "content_type": ["shop", "category"], "object_id": "8", "object_repr": "1", "action_flag": 3, "change_message": ""}}, {"model": "admin.logentry", "pk": 92, "fields": {"action_time": "2026-02-19T11:29:49.322Z", "user": ["admin"], "content_type": ["shop", "category"], "object_id": "12", "object_repr": "2", "action_flag": 3, "change_message": ""}}, {"model": "admin.logentry", "pk": 93, "fields": {"action_time": "2026-02-19T11:29:49.322Z", "user": ["admin"], "content_type": ["shop", "category"], "object_id": "3", "object_repr": "Фруктові свічки", "action_flag": 3, "change_message": ""}}, {"model": "admin.logentry", "pk": 94, "fields": {"action_time": "2026-02-19T11:29:49.322Z", "user": ["admin"], "content_type": ["shop", "category"], "object_id": "14", "object_repr": "4", "action_flag": 3, "change_message": ""}}, {"model": "admin.logentry", "pk": 95, "fields": {"action_time": "2026-02-19T11:29:49.322Z", "user": ["admin"], "content_type": ["shop", "category"], "object_id": "4", "object_repr": "Деревні свічки", "action_flag": 3, "change_message": ""}}, {"model": "admin.logentry", "pk": 96, "fields": {"action_time": "2026-02-19T11:29:49.322Z", "user": ["admin"], "content_type": ["shop", "category"], "object_id": "5", "object_repr": "Специевідні свічки", "action_flag": 3, "change_message": ""}}, {"model": "admin.logentry", "pk": 97, "fields": {"action_time": "2026-02-19T11:29:49.322Z", "user": ["admin"], "content_type": ["shop", "category"], "object_id": "7", "object_repr": "Восковані свічки", "action_flag": 3, "change_message": ""}}, {"model": "admin.logentry", "pk": 98, "fields": {"action_time": "2026-02-19T11:29:55.483Z", "user": ["admin"], "content_type": ["shop", "collection"], "object_id": "3", "object_repr": "2", "action_flag": 3, "change_message": ""}}, {"model": "admin.logentry", "pk": 99, "fields": {"action_time": "2026-02-19T11:29:55.483Z", "user": ["admin"], "content_type": ["shop", "collection"], "object_id": "2", "object_repr": "1", "action_flag": 3, "change_message": ""}}, {"model": "admin.logentry", "pk": 100, "fields": {"action_time": "2026-02-19T11:36:29.348Z", "user": ["admin"], "content_type": ["shop", "collection"], "object_id": "4", "object_repr": "1", "action_flag": 1, "change_message": "[{\"added\": {}}]"}}, {"model": "admin.logentry", "pk": 101, "fields": {"action_time": "2026-02-19T11:36:46.314Z", "user": ["admin"], "content_type": ["shop", "collection"], "object_id": "4", "object_repr": "1", "action_flag": 3, "change_message": ""}}, {"model": "admin.logentry", "pk": 102, "fields": {"action_time": "2026-02-19T13:34:56.049Z", "user": ["admin"], "content_type": ["shop", "categorygroup"], "object_id": "3", "object_repr": "Свічки", "action_flag": 1, "change_message": "[{\"added\": {}}]"}}, {"model": "admin.logentry", "pk": 103, "fields": {"action_time": "2026-02-19T13:35:12.479Z", "user": ["admin"], "content_type": ["shop", "categorygroup"], "object_id": "4", "object_repr": "Аромадифузори", "action_flag": 1, "change_message": "[{\"added\": {}}]"}}, {"model": "admin.logentry", "pk": 104, "fields": {"action_time": "2026-02-19T13:35:28.699Z", "user": ["admin"], "content_type": ["shop", "categorygroup"], "object_id": "5", "object_repr": "Сіль для ван", "action_flag": 1, "change_message": "[{\"added\": {}}]"}}, {"model": "admin.logentry", "pk": 105, "fields": {"action_time": "2026-02-19T13:35:41.358Z", "user": ["admin"], "content_type": ["shop", "categorygroup"], "object_id": "6", "object_repr": "Аромасаше", "action_flag": 1, "change_message": "[{\"added\": {}}]"}}, {"model": "admin.logentry", "pk": 106, "fields": {"action_time": "2026-02-19T13:39:37.278Z", "user": ["admin"], "content_type": ["shop", "category"], "object_id": "15", "object_repr": "Аромати для дому", "action_flag": 1, "change_message": "[{\"added\": {}}]"}}, {"model": "admin.logentry", "pk": 107, "fields": {"action_time": "2026-02-19T13:40:15.557Z", "user": ["admin"], "content_type": ["shop", "category"], "object_id": "16", "object_repr": "Аромати для авто", "action_flag": 1, "change_message": "[{\"added\": {}}]"}}, {"model": "admin.logentry", "pk": 108, "fields": {"action_time": "2026-02-19T19:47:24.405Z", "user": ["admin"], "content_type": ["shop", "category"], "object_id": "17", "object_repr": "g", "action_flag": 1, "change_message": "[{\"added\": {}}]"}}, {"model": "admin.logentry", "pk": 109, "fields": {"action_time": "2026-02-19T19:47:57.345Z", "user": ["admin"], "content_type": ["shop", "category"], "object_id": "17", "object_repr": "g", "action_flag": 3, "change_message": ""}}, {"model": "admin.logentry", "pk": 110, "fields": {"action_time": "2026-02-20T10:23:22.195Z", "user": ["admin"], "content_type": ["shop", "category"], "object_id": "18", "object_repr": "Спреї для текстилю", "action_flag": 1, "change_message": "[{\"added\": {}}]"}}, {"model": "admin.logentry", "pk": 111, "fields": {"action_time": "2026-02-20T10:24:26.960Z", "user": ["admin"], "content_type": ["shop", "category"], "object_id": "19", "object_repr": "Iced Latte", "action_flag": 1, "change_message": "[{\"added\": {}}]"}}, {"model": "admin.logentry", "pk": 112, "fields": {"action_time": "2026-02-20T10:25:51.188Z", "user": ["admin"], "content_type": ["shop", "category"], "object_id": "20", "object_repr": "Cвічки-квіти", "action_flag": 1, "change_message": "[{\"added\": {}}]"}}, {"model": "admin.logentry", "pk": 113, "fields": {"action_time": "2026-02-20T10:27:00.999Z", "user": ["admin"], "content_type": ["shop", "category"], "object_id": "21", "object_repr": "Чайні свічки", "action_flag": 1, "change_message": "[{\"added\": {}}]"}}, {"model": "admin.logentry", "pk": 114, "fields": {"action_time": "2026-02-20T10:28:31.281Z", "user": ["admin"], "content_type": ["shop", "category"], "object_id": "22", "object_repr": "Свічки у склі", "action_flag": 1, "change_message": "[{\"added\": {}}]"}}, {"model": "admin.logentry", "pk": 115, "fields": {"action_time": "2026-02-20T10:29:26.470Z", "user": ["admin"], "content_type": ["shop", "categorygroup"], "object_id": "7", "object_repr": "Палітра ароматів", "action_flag": 1, "change_message": "[{\"added\": {}}]"}}, {"model": "admin.logentry", "pk": 116, "fields": {"action_time": "2026-02-20T10:30:59.938Z", "user": ["admin"], "content_type": ["shop", "categorygroup"], "object_id": "7", "object_repr": "Гурт", "action_flag": 2, "change_message": "[{\"changed\": {\"fields\": [\"\\u041d\\u0430\\u0437\\u0432\\u0430\\u043d\\u0438\\u0435 \\u0433\\u0440\\u0443\\u043f\\u043f\\u044b (\\u0443\\u043a\\u0440)\", \"\\u041d\\u0430\\u0437\\u0432\\u0430\\u043d\\u0438\\u0435 \\u0433\\u0440\\u0443\\u043f\\u043f\\u044b (\\u0440\\u0443\\u0441)\"]}}]"}}, {"model": "admin.logentry", "pk": 117, "fields": {"action_time": "2026-02-20T10:31:48.504Z", "user": ["admin"], "content_type": ["shop", "categorygroup"], "object_id": "7", "object_repr": "Гурт", "action_flag": 3, "change_message": ""}}, {"model": "admin.logentry", "pk": 118, "fields": {"action_time": "2026-02-20T10:40:54.743Z", "user": ["admin"], "content_type": ["shop", "candle"], "object_id": "66", "object_repr": "Аромасвічка Iced Love Latte (коричнева)", "action_flag": 1, "change_message": "[{\"added\": {}}, {\"added\": {\"name\": \"candle category\", \"object\": \"CandleCategory object (41)\"}}]"}}, {"model": "admin.logentry", "pk": 119, "fields": {"action_time": "2026-02-20T10:41:44.699Z", "user": ["admin"], "content_type": ["shop", "candle"], "object_id": "66", "object_repr": "Аромасвічка Iced Love Latte (коричнева)", "action_flag": 2, "change_message": "[{\"changed\": {\"fields\": [\"\\u041e\\u043f\\u0438\\u0441\\u0430\\u043d\\u0438\\u0435 (\\u0443\\u043a\\u0440)\"]}}]"}}, {"model": "admin.logentry", "pk": 120, "fields": {"action_time": "2026-02-20T10:44:46.441Z", "user": ["admin"], "content_type": ["shop", "category"], "object_id": "23", "object_repr": "Свічки-десерти", "action_flag": 1, "change_message": "[{\"added\": {}}]"}}, {"model": "admin.logentry", "pk": 121, "fields": {"action_time": "2026-02-20T11:02:12.283Z", "user": ["admin"], "content_type": ["shop", "candle"], "object_id": "67", "object_repr": "Свічка Black Diamond", "action_flag": 1, "change_message": "[{\"added\": {}}, {\"added\": {\"name\": \"candle category\", \"object\": \"CandleCategory object (42)\"}}]"}}, {"model": "admin.logentry", "pk": 122, "fields": {"action_time": "2026-02-20T11:08:03.163Z", "user": ["admin"], "content_type": ["shop", "candle"], "object_id": "67", "object_repr": "Свічка Black Diamond", "action_flag": 2, "change_message": "[{\"changed\": {\"fields\": [\"\\u041e\\u043f\\u0438\\u0441\\u0430\\u043d\\u0438\\u0435 (\\u0443\\u043a\\u0440)\"]}}]"}}, {"model": "admin.logentry", "pk": 123, "fields": {"action_time": "2026-02-20T11:29:43.433Z", "user": ["admin"], "content_type": ["shop", "candle"], "object_id": "68", "object_repr": "Автопарфум в асортименті", "action_flag": 1, "change_message": "[{\"added\": {}}, {\"added\": {\"name\": \"candle category\", \"object\": \"CandleCategory object (43)\"}}]"}}, {"model": "admin.logentry", "pk": 124, "fields": {"action_time": "2026-02-20T11:40:46.738Z", "user": ["admin"], "content_type": ["shop", "category"], "object_id": "24", "object_repr": "Свічки із вощини", "action_flag": 1, "change_message": "[{\"added\": {}}]"}}, {"model": "admin.logentry", "pk": 125, "fields": {"action_time": "2026-02-20T11:46:03.786Z", "user": ["admin"], "content_type": ["shop", "category"], "object_id": "25", "object_repr": "Формові свічки", "action_flag": 1, "change_message": "[{\"added\": {}}]"}}, {"model": "admin.logentry", "pk": 126, "fields": {"action_time": "2026-02-20T14:11:31.437Z", "user": ["admin"], "content_type": ["shop", "collection"], "object_id": "5", "object_repr": "8 березня", "action_flag": 1, "change_message": "[{\"added\": {}}]"}}, {"model": "admin.logentry", "pk": 127, "fields": {"action_time": "2026-02-20T14:12:14.002Z", "user": ["admin"], "content_type": ["shop", "collection"], "object_id": "5", "object_repr": "8 березня", "action_flag": 2, "change_message": "[{\"changed\": {\"fields\": [\"\\u0411\\u0430\\u043d\\u043d\\u0435\\u0440 \\u043a\\u043e\\u043b\\u043b\\u0435\\u043a\\u0446\\u0438\\u0438\"]}}]"}}, {"model": "admin.logentry", "pk": 128, "fields": {"action_time": "2026-02-20T19:22:43.382Z", "user": ["admin"], "content_type": ["shop", "candle"], "object_id": "67", "object_repr": "Свічка Black Diamond", "action_flag": 2, "change_message": "[{\"added\": {\"name\": \"\\u041e\\u043f\\u0446\\u0438\\u044f \\u0442\\u043e\\u0432\\u0430\\u0440\\u0430\", \"object\": \"\\u0421\\u0432\\u0456\\u0447\\u043a\\u0430 Black Diamond \\u2014 \\u0420\\u043e\\u0437\\u043ci\\u0440 (\\u043e\\u0431\\u044f\\u0437.)\"}}, {\"added\": {\"name\": \"\\u041e\\u043f\\u0446\\u0438\\u044f \\u0442\\u043e\\u0432\\u0430\\u0440\\u0430\", \"object\": \"\\u0421\\u0432\\u0456\\u0447\\u043a\\u0430 Black Diamond \\u2014 \\u041a\\u043e\\u043bi\\u0440 (\\u043e\\u0431\\u044f\\u0437.)\"}}, {\"added\": {\"name\": \"\\u0417\\u043d\\u0430\\u0447\\u0435\\u043d\\u0438\\u0435 \\u043e\\u043f\\u0446\\u0438\\u0438\", \"object\": \"\\u041c\\u0430\\u043b\\u0435\\u043d\\u044c\\u043a\\u0438\\u0439\"}}, {\"added\": {\"name\": \"\\u0417\\u043d\\u0430\\u0447\\u0435\\u043d\\u0438\\u0435 \\u043e\\u043f\\u0446\\u0438\\u0438\", \"object\": \"\\u0421\\u0435\\u0440\\u0435\\u0434\\u043di\\u0439\"}}, {\"added\": {\"name\": \"\\u0417\\u043d\\u0430\\u0447\\u0435\\u043d\\u0438\\u0435 \\u043e\\u043f\\u0446\\u0438\\u0438\", \"object\": \"\\u0412\\u0435\\u043b\\u0438\\u043a\\u0438\\u0439\"}}, {\"added\": {\"name\": \"\\u0417\\u043d\\u0430\\u0447\\u0435\\u043d\\u0438\\u0435 \\u043e\\u043f\\u0446\\u0438\\u0438\", \"object\": \"\\u0427\\u0435\\u0440\\u0432\\u043e\\u043d\\u0438\\u0439\"}}, {\"added\": {\"name\": \"\\u0417\\u043d\\u0430\\u0447\\u0435\\u043d\\u0438\\u0435 \\u043e\\u043f\\u0446\\u0438\\u0438\", \"object\": \"\\u0421\\u0438\\u043di\\u0439\"}}, {\"added\": {\"name\": \"\\u0417\\u043d\\u0430\\u0447\\u0435\\u043d\\u0438\\u0435 \\u043e\\u043f\\u0446\\u0438\\u0438\", \"object\": \"\\u0420\\u043e\\u0436\\u0435\\u0432\\u0438\\u0439\"}}]"}}, {"model": "admin.logentry", "pk": 129, "fields": {"action_time": "2026-02-20T19:23:46.709Z", "user": ["admin"], "content_type": ["shop", "candle"], "object_id": "67", "object_repr": "Свічка Black Diamond", "action_flag": 2, "change_message": "[{\"changed\": {\"name\": \"\\u0417\\u043d\\u0430\\u0447\\u0435\\u043d\\u0438\\u0435 \\u043e\\u043f\\u0446\\u0438\\u0438\", \"object\": \"\\u0427\\u0435\\u0440\\u0432\\u043e\\u043d\\u0438\\u0439\", \"fields\": [\"\\u041f\\u043e\\u0440\\u044f\\u0434\\u043e\\u043a \\u0441\\u043e\\u0440\\u0442\\u0438\\u0440\\u043e\\u0432\\u043a\\u0438\"]}}, {\"changed\": {\"name\": \"\\u0417\\u043d\\u0430\\u0447\\u0435\\u043d\\u0438\\u0435 \\u043e\\u043f\\u0446\\u0438\\u0438\", \"object\": \"\\u0420\\u043e\\u0436\\u0435\\u0432\\u0438\\u0439\", \"fields\": [\"\\u041f\\u043e\\u0440\\u044f\\u0434\\u043e\\u043a \\u0441\\u043e\\u0440\\u0442\\u0438\\u0440\\u043e\\u0432\\u043a\\u0438\"]}}]"}}, {"model": "admin.logentry", "pk": 130, "fields": {"action_time": "2026-02-20T19:25:04.567Z", "user": ["admin"], "content_type": ["shop", "candle"], "object_id": "67", "object_repr": "Свічка Black Diamond", "action_flag": 2, "change_message": "[{\"deleted\": {\"name\": \"\\u041e\\u043f\\u0446\\u0438\\u044f \\u0442\\u043e\\u0432\\u0430\\u0440\\u0430\", \"object\": \"\\u0421\\u0432\\u0456\\u0447\\u043a\\u0430 Black Diamond \\u2014 \\u0420\\u043e\\u0437\\u043ci\\u0440 (\\u043e\\u0431\\u044f\\u0437.)\"}}, {\"deleted\": {\"name\": \"\\u041e\\u043f\\u0446\\u0438\\u044f \\u0442\\u043e\\u0432\\u0430\\u0440\\u0430\", \"object\": \"\\u0421\\u0432\\u0456\\u0447\\u043a\\u0430 Black Diamond \\u2014 \\u041a\\u043e\\u043bi\\u0440 (\\u043e\\u0431\\u044f\\u0437.)\"}}, {\"deleted\": {\"name\": \"\\u0417\\u043d\\u0430\\u0447\\u0435\\u043d\\u0438\\u0435 \\u043e\\u043f\\u0446\\u0438\\u0438\", \"object\": \"\\u041c\\u0430\\u043b\\u0435\\u043d\\u044c\\u043a\\u0438\\u0439\"}}, {\"deleted\": {\"name\": \"\\u0417\\u043d\\u0430\\u0447\\u0435\\u043d\\u0438\\u0435 \\u043e\\u043f\\u0446\\u0438\\u0438\", \"object\": \"\\u0421\\u0435\\u0440\\u0435\\u0434\\u043di\\u0439\"}}, {\"deleted\": {\"name\": \"\\u0417\\u043d\\u0430\\u0447\\u0435\\u043d\\u0438\\u0435 \\u043e\\u043f\\u0446\\u0438\\u0438\", \"object\": \"\\u0412\\u0435\\u043b\\u0438\\u043a\\u0438\\u0439\"}}, {\"deleted\": {\"name\": \"\\u0417\\u043d\\u0430\\u0447\\u0435\\u043d\\u0438\\u0435 \\u043e\\u043f\\u0446\\u0438\\u0438\", \"object\": \"\\u0421\\u0438\\u043di\\u0439\"}}, {\"deleted\": {\"name\": \"\\u0417\\u043d\\u0430\\u0447\\u0435\\u043d\\u0438\\u0435 \\u043e\\u043f\\u0446\\u0438\\u0438\", \"object\": \"\\u0420\\u043e\\u0436\\u0435\\u0432\\u0438\\u0439\"}}, {\"deleted\": {\"name\": \"\\u0417\\u043d\\u0430\\u0447\\u0435\\u043d\\u0438\\u0435 \\u043e\\u043f\\u0446\\u0438\\u0438\", \"object\": \"\\u0427\\u0435\\u0440\\u0432\\u043e\\u043d\\u0438\\u0439\"}}]"}}, {"model": "admin.logentry", "pk": 131, "fields": {"action_time": "2026-02-20T19:31:28.910Z", "user": ["admin"], "content_type": ["shop", "candle"], "object_id": "67", "object_repr": "Свічка Black Diamond", "action_flag": 2, "change_message": "[{\"added\": {\"name\": \"\\u041e\\u043f\\u0446\\u0438\\u044f \\u0442\\u043e\\u0432\\u0430\\u0440\\u0430\", \"object\": \"\\u0421\\u0432\\u0456\\u0447\\u043a\\u0430 Black Diamond \\u2014 1 (\\u043e\\u0431\\u044f\\u0437.)\"}}, {\"added\": {\"name\": \"\\u041e\\u043f\\u0446\\u0438\\u044f \\u0442\\u043e\\u0432\\u0430\\u0440\\u0430\", \"object\": \"\\u0421\\u0432\\u0456\\u0447\\u043a\\u0430 Black Diamond \\u2014 2 (\\u043e\\u0431\\u044f\\u0437.)\"}}, {\"added\": {\"name\": \"\\u0417\\u043d\\u0430\\u0447\\u0435\\u043d\\u0438\\u0435 \\u043e\\u043f\\u0446\\u0438\\u0438\", \"object\": \"1\"}}, {\"added\": {\"name\": \"\\u0417\\u043d\\u0430\\u0447\\u0435\\u043d\\u0438\\u0435 \\u043e\\u043f\\u0446\\u0438\\u0438\", \"object\": \"2\"}}, {\"added\": {\"name\": \"\\u0417\\u043d\\u0430\\u0447\\u0435\\u043d\\u0438\\u0435 \\u043e\\u043f\\u0446\\u0438\\u0438\", \"object\": \"2\"}}, {\"added\": {\"name\": \"\\u0417\\u043d\\u0430\\u0447\\u0435\\u043d\\u0438\\u0435 \\u043e\\u043f\\u0446\\u0438\\u0438\", \"object\": \"2\"}}, {\"added\": {\"name\": \"\\u0417\\u043d\\u0430\\u0447\\u0435\\u043d\\u0438\\u0435 \\u043e\\u043f\\u0446\\u0438\\u0438\", \"object\": \"3\"}}]"}}, {"model": "admin.logentry", "pk": 132, "fields": {"action_time": "2026-02-20T20:21:05.849Z", "user": ["admin"], "content_type": ["shop", "collection"], "object_id": "6", "object_repr": "1", "action_flag": 1, "change_message": "[{\"added\": {}}, {\"added\": {\"name\": \"\\u0422\\u043e\\u0432\\u0430\\u0440 \\u0432 \\u043a\\u043e\\u043b\\u043b\\u0435\\u043a\\u0446\\u0438\\u0438\", \"object\": \"1 \\u2014 \\u0421\\u0432\\u0456\\u0447\\u043a\\u0430 Black Diamond\"}}]"}}, {"model": "admin.logentry", "pk": 133, "fields": {"action_time": "2026-02-20T20:21:34.372Z", "user": ["admin"], "content_type": ["shop", "candle"], "object_id": "67", "object_repr": "Свічка Black Diamond", "action_flag": 2, "change_message": "[{\"deleted\": {\"name\": \"\\u041e\\u043f\\u0446\\u0438\\u044f \\u0442\\u043e\\u0432\\u0430\\u0440\\u0430\", \"object\": \"\\u0421\\u0432\\u0456\\u0447\\u043a\\u0430 Black Diamond \\u2014 1 (\\u043e\\u0431\\u044f\\u0437.)\"}}, {\"deleted\": {\"name\": \"\\u0417\\u043d\\u0430\\u0447\\u0435\\u043d\\u0438\\u0435 \\u043e\\u043f\\u0446\\u0438\\u0438\", \"object\": \"1\"}}, {\"deleted\": {\"name\": \"\\u0417\\u043d\\u0430\\u0447\\u0435\\u043d\\u0438\\u0435 \\u043e\\u043f\\u0446\\u0438\\u0438\", \"object\": \"2\"}}]"}}, {"model": "admin.logentry", "pk": 134, "fields": {"action_time": "2026-02-20T20:21:43.669Z", "user": ["admin"], "content_type": ["shop", "collection"], "object_id": "6", "object_repr": "1", "action_flag": 3, "change_message": ""}}, {"model": "admin.logentry", "pk": 135, "fields": {"action_time": "2026-02-20T20:22:02.450Z", "user": ["admin"], "content_type": ["shop", "candle"], "object_id": "67", "object_repr": "Свічка Black Diamond", "action_flag": 2, "change_message": "[{\"deleted\": {\"name\": \"\\u041e\\u043f\\u0446\\u0438\\u044f \\u0442\\u043e\\u0432\\u0430\\u0440\\u0430\", \"object\": \"\\u0421\\u0432\\u0456\\u0447\\u043a\\u0430 Black Diamond \\u2014 2 (\\u043e\\u0431\\u044f\\u0437.)\"}}, {\"deleted\": {\"name\": \"\\u0417\\u043d\\u0430\\u0447\\u0435\\u043d\\u0438\\u0435 \\u043e\\u043f\\u0446\\u0438\\u0438\", \"object\": \"2\"}}, {\"deleted\": {\"name\": \"\\u0417\\u043d\\u0430\\u0447\\u0435\\u043d\\u0438\\u0435 \\u043e\\u043f\\u0446\\u0438\\u0438\", \"object\": \"2\"}}, {\"deleted\": {\"name\": \"\\u0417\\u043d\\u0430\\u0447\\u0435\\u043d\\u0438\\u0435 \\u043e\\u043f\\u0446\\u0438\\u0438\", \"object\": \"3\"}}]"}}, {"model": "admin.logentry", "pk": 136, "fields": {"action_time": "2026-02-20T22:05:32.819Z", "user": ["admin"], "content_type": ["shop", "candle"], "object_id": "67", "object_repr": "Свічка Black Diamond", "action_flag": 2, "change_message": "[{\"added\": {\"name\": \"\\u041e\\u043f\\u0446\\u0438\\u044f \\u0442\\u043e\\u0432\\u0430\\u0440\\u0430\", \"object\": \"\\u0421\\u0432\\u0456\\u0447\\u043a\\u0430 Black Diamond \\u2014 1 (\\u043e\\u0431\\u044f\\u0437.)\"}}, {\"added\": {\"name\": \"\\u0417\\u043d\\u0430\\u0447\\u0435\\u043d\\u0438\\u0435 \\u043e\\u043f\\u0446\\u0438\\u0438\", \"object\": \"1\"}}]"}}, {"model": "admin.logentry", "pk": 137, "fields": {"action_time": "2026-02-20T22:07:22.006Z", "user": ["admin"], "content_type": ["shop", "collection"], "object_id": "5", "object_repr": "8 березня", "action_flag": 2, "change_message": "[{\"added\": {\"name\": \"\\u0422\\u043e\\u0432\\u0430\\u0440 \\u0432 \\u043a\\u043e\\u043b\\u043b\\u0435\\u043a\\u0446\\u0438\\u0438\", \"object\": \"8 \\u0431\\u0435\\u0440\\u0435\\u0437\\u043d\\u044f \\u2014 \\u0421\\u0432\\u0456\\u0447\\u043a\\u0430 Black Diamond\"}}]"}}, {"model": "admin.logentry", "pk": 138, "fields": {"action_time": "2026-02-20T22:07:54.592Z", "user": ["admin"], "content_type": ["shop", "collection"], "object_id": "5", "object_repr": "8 березня", "action_flag": 2, "change_message": "[{\"deleted\": {\"name\": \"\\u0422\\u043e\\u0432\\u0430\\u0440 \\u0432 \\u043a\\u043e\\u043b\\u043b\\u0435\\u043a\\u0446\\u0438\\u0438\", \"object\": \"8 \\u0431\\u0435\\u0440\\u0435\\u0437\\u043d\\u044f \\u2014 \\u0421\\u0432\\u0456\\u0447\\u043a\\u0430 Black Diamond\"}}]"}}, {"model": "admin.logentry", "pk": 139, "fields": {"action_time": "2026-02-20T22:08:51.083Z", "user": ["admin"], "content_type": ["shop", "candle"], "object_id": "67", "object_repr": "Свічка Black Diamond", "action_flag": 2, "change_message": "[{\"deleted\": {\"name\": \"\\u041e\\u043f\\u0446\\u0438\\u044f \\u0442\\u043e\\u0432\\u0430\\u0440\\u0430\", \"object\": \"\\u0421\\u0432\\u0456\\u0447\\u043a\\u0430 Black Diamond \\u2014 1 (\\u043e\\u0431\\u044f\\u0437.)\"}}, {\"deleted\": {\"name\": \"\\u0417\\u043d\\u0430\\u0447\\u0435\\u043d\\u0438\\u0435 \\u043e\\u043f\\u0446\\u0438\\u0438\", \"object\": \"1\"}}]"}}, {"model": "admin.logentry", "pk": 140, "fields": {"action_time": "2026-02-21T13:00:05.050Z", "user": ["admin"], "content_type": ["shop", "candle"], "object_id": "69", "object_repr": "test", "action_flag": 1, "change_message": "[{\"added\": {}}, {\"added\": {\"name\": \"\\u041e\\u043f\\u0446\\u0438\\u044f \\u0442\\u043e\\u0432\\u0430\\u0440\\u0430\", \"object\": \"test \\u2014 1 (\\u043e\\u0431\\u044f\\u0437.)\"}}, {\"added\": {\"name\": \"\\u041e\\u043f\\u0446\\u0438\\u044f \\u0442\\u043e\\u0432\\u0430\\u0440\\u0430\", \"object\": \"test \\u2014 2 (\\u043e\\u0431\\u044f\\u0437.)\"}}, {\"added\": {\"name\": \"\\u041e\\u043f\\u0446\\u0438\\u044f \\u0442\\u043e\\u0432\\u0430\\u0440\\u0430\", \"object\": \"test \\u2014 3 (\\u043e\\u0431\\u044f\\u0437.)\"}}, {\"added\": {\"name\": \"\\u0417\\u043d\\u0430\\u0447\\u0435\\u043d\\u0438\\u0435 \\u043e\\u043f\\u0446\\u0438\\u0438\", \"object\": \"1\"}}, {\"added\": {\"name\": \"\\u0417\\u043d\\u0430\\u0447\\u0435\\u043d\\u0438\\u0435 \\u043e\\u043f\\u0446\\u0438\\u0438\", \"object\": \"1\"}}, {\"added\": {\"name\": \"\\u0417\\u043d\\u0430\\u0447\\u0435\\u043d\\u0438\\u0435 \\u043e\\u043f\\u0446\\u0438\\u0438\", \"object\": \"2\"}}, {\"added\": {\"name\": \"\\u0417\\u043d\\u0430\\u0447\\u0435\\u043d\\u0438\\u0435 \\u043e\\u043f\\u0446\\u0438\\u0438\", \"object\": \"2\"}}, {\"added\": {\"name\": \"\\u0417\\u043d\\u0430\\u0447\\u0435\\u043d\\u0438\\u0435 \\u043e\\u043f\\u0446\\u0438\\u0438\", \"object\": \"2\"}}, {\"added\": {\"name\": \"\\u0417\\u043d\\u0430\\u0447\\u0435\\u043d\\u0438\\u0435 \\u043e\\u043f\\u0446\\u0438\\u0438\", \"object\": \"3\"}}, {\"added\": {\"name\": \"\\u0417\\u043d\\u0430\\u0447\\u0435\\u043d\\u0438\\u0435 \\u043e\\u043f\\u0446\\u0438\\u0438\", \"object\": \"3\"}}, {\"added\": {\"name\": \"\\u0417\\u043d\\u0430\\u0447\\u0435\\u043d\\u0438\\u0435 \\u043e\\u043f\\u0446\\u0438\\u0438\", \"object\": \"3\"}}]"}}, {"model": "admin.logentry", "pk": 141, "fields": {"action_time": "2026-02-21T13:00:30.927Z", "user": ["admin"], "content_type": ["shop", "candle"], "object_id": "69", "object_repr": "test", "action_flag": 2, "change_message": "[{\"changed\": {\"fields\": [\"\\u0412 \\u043d\\u0430\\u043b\\u0438\\u0447\\u0438\\u0438\"]}}]"}}, {"model": "admin.logentry", "pk": 142, "fields": {"action_time": "2026-02-21T13:01:57.247Z", "user": ["admin"], "content_type": ["shop", "collection"], "object_id": "5", "object_repr": "8 березня", "action_flag": 2, "change_message": "[{\"added\": {\"name\": \"\\u0422\\u043e\\u0432\\u0430\\u0440 \\u0432 \\u043a\\u043e\\u043b\\u043b\\u0435\\u043a\\u0446\\u0438\\u0438\", \"object\": \"8 \\u0431\\u0435\\u0440\\u0435\\u0437\\u043d\\u044f \\u2014 test\"}}]"}}, {"model": "admin.logentry", "pk": 143, "fields": {"action_time": "2026-02-21T13:03:20.704Z", "user": ["admin"], "content_type": ["shop", "candle"], "object_id": "69", "object_repr": "test", "action_flag": 2, "change_message": "[{\"changed\": {\"fields\": [\"Image\", \"Image2\", \"Image3\"]}}, {\"added\": {\"name\": \"candle image\", \"object\": \"69 #3\"}}]"}}, {"model": "admin.logentry", "pk": 144, "fields": {"action_time": "2026-02-21T13:04:01.668Z", "user": ["admin"], "content_type": ["shop", "candle"], "object_id": "69", "object_repr": "test", "action_flag": 2, "change_message": "[{\"changed\": {\"fields\": [\"\\u0412 \\u043d\\u0430\\u043b\\u0438\\u0447\\u0438\\u0438\"]}}]"}}, {"model": "admin.logentry", "pk": 145, "fields": {"action_time": "2026-02-21T13:04:58.830Z", "user": ["admin"], "content_type": ["shop", "candle"], "object_id": "69", "object_repr": "test", "action_flag": 3, "change_message": ""}}, {"model": "admin.logentry", "pk": 146, "fields": {"action_time": "2026-02-21T13:07:57.190Z", "user": ["admin"], "content_type": ["shop", "candle"], "object_id": "70", "object_repr": "1", "action_flag": 1, "change_message": "[{\"added\": {}}]"}}, {"model": "admin.logentry", "pk": 147, "fields": {"action_time": "2026-02-21T13:08:21.297Z", "user": ["admin"], "content_type": ["shop", "candle"], "object_id": "70", "object_repr": "1", "action_flag": 3, "change_message": ""}}, {"model": "admin.logentry", "pk": 148, "fields": {"action_time": "2026-02-21T13:18:26.441Z", "user": ["admin"], "content_type": ["shop", "candle"], "object_id": "67", "object_repr": "Свічка Black Diamond", "action_flag": 2, "change_message": "[{\"changed\": {\"fields\": [\"\\u0412 \\u043d\\u0430\\u043b\\u0438\\u0447\\u0438\\u0438\"]}}]"}}, {"model": "admin.logentry", "pk": 149, "fields": {"action_time": "2026-02-21T13:18:58.711Z", "user": ["admin"], "content_type": ["shop", "candle"], "object_id": "67", "object_repr": "Свічка Black Diamond", "action_flag": 2, "change_message": "[{\"changed\": {\"fields\": [\"\\u0412 \\u043d\\u0430\\u043b\\u0438\\u0447\\u0438\\u0438\"]}}, {\"added\": {\"name\": \"\\u041e\\u043f\\u0446\\u0438\\u044f \\u0442\\u043e\\u0432\\u0430\\u0440\\u0430\", \"object\": \"\\u0421\\u0432\\u0456\\u0447\\u043a\\u0430 Black Diamond \\u2014 1 (\\u043e\\u0431\\u044f\\u0437.)\"}}, {\"added\": {\"name\": \"\\u041e\\u043f\\u0446\\u0438\\u044f \\u0442\\u043e\\u0432\\u0430\\u0440\\u0430\", \"object\": \"\\u0421\\u0432\\u0456\\u0447\\u043a\\u0430 Black Diamond \\u2014 2 (\\u043e\\u0431\\u044f\\u0437.)\"}}, {\"added\": {\"name\": \"\\u0417\\u043d\\u0430\\u0447\\u0435\\u043d\\u0438\\u0435 \\u043e\\u043f\\u0446\\u0438\\u0438\", \"object\": \"1\"}}, {\"added\": {\"name\": \"\\u0417\\u043d\\u0430\\u0447\\u0435\\u043d\\u0438\\u0435 \\u043e\\u043f\\u0446\\u0438\\u0438\", \"object\": \"2\"}}]"}}, {"model": "admin.logentry", "pk": 150, "fields": {"action_time": "2026-02-21T13:26:12.132Z", "user": ["admin"], "content_type": ["shop", "candle"], "object_id": "67", "object_repr": "Свічка Black Diamond", "action_flag": 2, "change_message": "[{\"deleted\": {\"name\": \"\\u041e\\u043f\\u0446\\u0438\\u044f \\u0442\\u043e\\u0432\\u0430\\u0440\\u0430\", \"object\": \"\\u0421\\u0432\\u0456\\u0447\\u043a\\u0430 Black Diamond \\u2014 1 (\\u043e\\u0431\\u044f\\u0437.)\"}}, {\"deleted\": {\"name\": \"\\u041e\\u043f\\u0446\\u0438\\u044f \\u0442\\u043e\\u0432\\u0430\\u0440\\u0430\", \"object\": \"\\u0421\\u0432\\u0456\\u0447\\u043a\\u0430 Black Diamond \\u2014 2 (\\u043e\\u0431\\u044f\\u0437.)\"}}, {\"deleted\": {\"name\": \"\\u0417\\u043d\\u0430\\u0447\\u0435\\u043d\\u0438\\u0435 \\u043e\\u043f\\u0446\\u0438\\u0438\", \"object\": \"1\"}}, {\"deleted\": {\"name\": \"\\u0417\\u043d\\u0430\\u0447\\u0435\\u043d\\u0438\\u0435 \\u043e\\u043f\\u0446\\u0438\\u0438\", \"object\": \"2\"}}]"}}, {"model": "admin.logentry", "pk": 151, "fields": {"action_time": "2026-02-21T13:30:51.047Z", "user": ["admin"], "content_type": ["shop", "candle"], "object_id": "67", "object_repr": "Свічка Black Diamond", "action_flag": 2, "change_message": "[{\"added\": {\"name\": \"\\u041e\\u043f\\u0446\\u0438\\u044f \\u0442\\u043e\\u0432\\u0430\\u0440\\u0430\", \"object\": \"\\u0421\\u0432\\u0456\\u0447\\u043a\\u0430 Black Diamond \\u2014 1 (\\u043e\\u0431\\u044f\\u0437.)\"}}, {\"added\": {\"name\": \"\\u041e\\u043f\\u0446\\u0438\\u044f \\u0442\\u043e\\u0432\\u0430\\u0440\\u0430\", \"object\": \"\\u0421\\u0432\\u0456\\u0447\\u043a\\u0430 Black Diamond \\u2014 2 (\\u043e\\u0431\\u044f\\u0437.)\"}}, {\"added\": {\"name\": \"\\u0417\\u043d\\u0430\\u0447\\u0435\\u043d\\u0438\\u0435 \\u043e\\u043f\\u0446\\u0438\\u0438\", \"object\": \"1\"}}, {\"added\": {\"name\": \"\\u0417\\u043d\\u0430\\u0447\\u0435\\u043d\\u0438\\u0435 \\u043e\\u043f\\u0446\\u0438\\u0438\", \"object\": \"3\"}}, {\"added\": {\"name\": \"\\u0417\\u043d\\u0430\\u0447\\u0435\\u043d\\u0438\\u0435 \\u043e\\u043f\\u0446\\u0438\\u0438\", \"object\": \"4\"}}]"}}, {"model": "admin.logentry", "pk": 152, "fields": {"action_time": "2026-02-21T13:32:03.130Z", "user": ["admin"], "content_type": ["shop", "candle"], "object_id": "67", "object_repr": "Свічка Black Diamond", "action_flag": 2, "change_message": "[{\"deleted\": {\"name\": \"\\u041e\\u043f\\u0446\\u0438\\u044f \\u0442\\u043e\\u0432\\u0430\\u0440\\u0430\", \"object\": \"\\u0421\\u0432\\u0456\\u0447\\u043a\\u0430 Black Diamond \\u2014 1 (\\u043e\\u0431\\u044f\\u0437.)\"}}, {\"deleted\": {\"name\": \"\\u041e\\u043f\\u0446\\u0438\\u044f \\u0442\\u043e\\u0432\\u0430\\u0440\\u0430\", \"object\": \"\\u0421\\u0432\\u0456\\u0447\\u043a\\u0430 Black Diamond \\u2014 2 (\\u043e\\u0431\\u044f\\u0437.)\"}}, {\"deleted\": {\"name\": \"\\u0417\\u043d\\u0430\\u0447\\u0435\\u043d\\u0438\\u0435 \\u043e\\u043f\\u0446\\u0438\\u0438\", \"object\": \"1\"}}, {\"deleted\": {\"name\": \"\\u0417\\u043d\\u0430\\u0447\\u0435\\u043d\\u0438\\u0435 \\u043e\\u043f\\u0446\\u0438\\u0438\", \"object\": \"3\"}}, {\"deleted\": {\"name\": \"\\u0417\\u043d\\u0430\\u0447\\u0435\\u043d\\u0438\\u0435 \\u043e\\u043f\\u0446\\u0438\\u0438\", \"object\": \"4\"}}]"}}, {"model": "admin.logentry", "pk": 153, "fields": {"action_time": "2026-02-21T14:18:54.887Z", "user": ["admin"], "content_type": ["shop", "candle"], "object_id": "71", "object_repr": "1", "action_flag": 1, "change_message": "[{\"added\": {}}, {\"added\": {\"name\": \"\\u041e\\u043f\\u0446\\u0438\\u044f \\u0442\\u043e\\u0432\\u0430\\u0440\\u0430\", \"object\": \"1 \\u2014 1 (\\u043e\\u0431\\u044f\\u0437.)\"}}, {\"added\": {\"name\": \"\\u041e\\u043f\\u0446\\u0438\\u044f \\u0442\\u043e\\u0432\\u0430\\u0440\\u0430\", \"object\": \"1 \\u2014 2 (\\u043e\\u0431\\u044f\\u0437.)\"}}, {\"added\": {\"name\": \"\\u041e\\u043f\\u0446\\u0438\\u044f \\u0442\\u043e\\u0432\\u0430\\u0440\\u0430\", \"object\": \"1 \\u2014 3 (\\u043e\\u0431\\u044f\\u0437.)\"}}, {\"added\": {\"name\": \"\\u0417\\u043d\\u0430\\u0447\\u0435\\u043d\\u0438\\u0435 \\u043e\\u043f\\u0446\\u0438\\u0438\", \"object\": \"1\"}}, {\"added\": {\"name\": \"\\u0417\\u043d\\u0430\\u0447\\u0435\\u043d\\u0438\\u0435 \\u043e\\u043f\\u0446\\u0438\\u0438\", \"object\": \"1\"}}, {\"added\": {\"name\": \"\\u0417\\u043d\\u0430\\u0447\\u0435\\u043d\\u0438\\u0435 \\u043e\\u043f\\u0446\\u0438\\u0438\", \"object\": \"1\"}}, {\"added\": {\"name\": \"\\u0417\\u043d\\u0430\\u0447\\u0435\\u043d\\u0438\\u0435 \\u043e\\u043f\\u0446\\u0438\\u0438\", \"object\": \"2\"}}, {\"added\": {\"name\": \"\\u0417\\u043d\\u0430\\u0447\\u0435\\u043d\\u0438\\u0435 \\u043e\\u043f\\u0446\\u0438\\u0438\", \"object\": \"2\"}}, {\"added\": {\"name\": \"\\u0417\\u043d\\u0430\\u0447\\u0435\\u043d\\u0438\\u0435 \\u043e\\u043f\\u0446\\u0438\\u0438\", \"object\": \"2\"}}, {\"added\": {\"name\": \"\\u0417\\u043d\\u0430\\u0447\\u0435\\u043d\\u0438\\u0435 \\u043e\\u043f\\u0446\\u0438\\u0438\", \"object\": \"3\"}}, {\"added\": {\"name\": \"\\u0417\\u043d\\u0430\\u0447\\u0435\\u043d\\u0438\\u0435 \\u043e\\u043f\\u0446\\u0438\\u0438\", \"object\": \"3\"}}, {\"added\": {\"name\": \"\\u0417\\u043d\\u0430\\u0447\\u0435\\u043d\\u0438\\u0435 \\u043e\\u043f\\u0446\\u0438\\u0438\", \"object\": \"3\"}}]"}}, {"model": "admin.logentry", "pk": 154, "fields": {"action_time": "2026-02-21T14:19:58.697Z", "user": ["admin"], "content_type": ["shop", "candle"], "object_id": "71", "object_repr": "1", "action_flag": 3, "change_message": ""}}, {"model": "admin.logentry", "pk": 155, "fields": {"action_time": "2026-02-21T14:20:53.796Z", "user": ["admin"], "content_type": ["shop", "candle"], "object_id": "72", "object_repr": "1", "action_flag": 1, "change_message": "[{\"added\": {}}, {\"added\": {\"name\": \"\\u041e\\u043f\\u0446\\u0438\\u044f \\u0442\\u043e\\u0432\\u0430\\u0440\\u0430\", \"object\": \"1 \\u2014 1 (\\u043e\\u0431\\u044f\\u0437.)\"}}, {\"added\": {\"name\": \"\\u041e\\u043f\\u0446\\u0438\\u044f \\u0442\\u043e\\u0432\\u0430\\u0440\\u0430\", \"object\": \"1 \\u2014 2 (\\u043e\\u0431\\u044f\\u0437.)\"}}, {\"added\": {\"name\": \"\\u041e\\u043f\\u0446\\u0438\\u044f \\u0442\\u043e\\u0432\\u0430\\u0440\\u0430\", \"object\": \"1 \\u2014 3 (\\u043e\\u0431\\u044f\\u0437.)\"}}, {\"added\": {\"name\": \"\\u0417\\u043d\\u0430\\u0447\\u0435\\u043d\\u0438\\u0435 \\u043e\\u043f\\u0446\\u0438\\u0438\", \"object\": \"1\"}}, {\"added\": {\"name\": \"\\u0417\\u043d\\u0430\\u0447\\u0435\\u043d\\u0438\\u0435 \\u043e\\u043f\\u0446\\u0438\\u0438\", \"object\": \"1\"}}, {\"added\": {\"name\": \"\\u0417\\u043d\\u0430\\u0447\\u0435\\u043d\\u0438\\u0435 \\u043e\\u043f\\u0446\\u0438\\u0438\", \"object\": \"1\"}}, {\"added\": {\"name\": \"\\u0417\\u043d\\u0430\\u0447\\u0435\\u043d\\u0438\\u0435 \\u043e\\u043f\\u0446\\u0438\\u0438\", \"object\": \"2\"}}, {\"added\": {\"name\": \"\\u0417\\u043d\\u0430\\u0447\\u0435\\u043d\\u0438\\u0435 \\u043e\\u043f\\u0446\\u0438\\u0438\", \"object\": \"2\"}}, {\"added\": {\"name\": \"\\u0417\\u043d\\u0430\\u0447\\u0435\\u043d\\u0438\\u0435 \\u043e\\u043f\\u0446\\u0438\\u0438\", \"object\": \"2\"}}, {\"added\": {\"name\": \"\\u0417\\u043d\\u0430\\u0447\\u0435\\u043d\\u0438\\u0435 \\u043e\\u043f\\u0446\\u0438\\u0438\", \"object\": \"3\"}}, {\"added\": {\"name\": \"\\u0417\\u043d\\u0430\\u0447\\u0435\\u043d\\u0438\\u0435 \\u043e\\u043f\\u0446\\u0438\\u0438\", \"object\": \"3\"}}, {\"added\": {\"name\": \"\\u0417\\u043d\\u0430\\u0447\\u0435\\u043d\\u0438\\u0435 \\u043e\\u043f\\u0446\\u0438\\u0438\", \"object\": \"3\"}}]"}}, {"model": "admin.logentry", "pk": 156, "fields": {"action_time": "2026-02-21T14:23:27.079Z", "user": ["admin"], "content_type": ["shop", "collection"], "object_id": "7", "object_repr": "1", "action_flag": 1, "change_message": "[{\"added\": {}}, {\"added\": {\"name\": \"\\u0422\\u043e\\u0432\\u0430\\u0440 \\u0432 \\u043a\\u043e\\u043b\\u043b\\u0435\\u043a\\u0446\\u0438\\u0438\", \"object\": \"1 \\u2014 1\"}}, {\"added\": {\"name\": \"\\u0422\\u043e\\u0432\\u0430\\u0440 \\u0432 \\u043a\\u043e\\u043b\\u043b\\u0435\\u043a\\u0446\\u0438\\u0438\", \"object\": \"1 \\u2014 \\u0421\\u0432\\u0456\\u0447\\u043a\\u0430 Black Diamond\"}}]"}}, {"model": "admin.logentry", "pk": 157, "fields": {"action_time": "2026-02-21T14:32:44.006Z", "user": ["admin"], "content_type": ["shop", "candle"], "object_id": "72", "object_repr": "1", "action_flag": 3, "change_message": ""}}, {"model": "admin.logentry", "pk": 158, "fields": {"action_time": "2026-02-21T14:32:51.283Z", "user": ["admin"], "content_type": ["shop", "collection"], "object_id": "7", "object_repr": "1", "action_flag": 3, "change_message": ""}}, {"model": "admin.logentry", "pk": 159, "fields": {"action_time": "2026-02-23T12:25:01.777Z", "user": ["admin"], "content_type": ["shop", "category"], "object_id": "26", "object_repr": "Прозорі свічки", "action_flag": 1, "change_message": "[{\"added\": {}}]"}}, {"model": "admin.logentry", "pk": 160, "fields": {"action_time": "2026-02-23T12:48:16.471Z", "user": ["admin"], "content_type": ["shop", "candle"], "object_id": "73", "object_repr": "Свічка  The sea ​​of ​​flowers", "action_flag": 1, "change_message": "[{\"added\": {}}, {\"added\": {\"name\": \"candle category\", \"object\": \"CandleCategory object (44)\"}}]"}}, {"model": "admin.logentry", "pk": 161, "fields": {"action_time": "2026-02-23T12:51:58.039Z", "user": ["admin"], "content_type": ["shop", "candle"], "object_id": "68", "object_repr": "Автопарфум в асортименті", "action_flag": 2, "change_message": "[{\"changed\": {\"fields\": [\"Image\", \"Image3\"]}}]"}}, {"model": "admin.logentry", "pk": 162, "fields": {"action_time": "2026-02-23T12:54:12.028Z", "user": ["admin"], "content_type": ["shop", "candle"], "object_id": "68", "object_repr": "Автопарфум в асортименті", "action_flag": 2, "change_message": "[{\"added\": {\"name\": \"\\u041e\\u043f\\u0446\\u0438\\u044f \\u0442\\u043e\\u0432\\u0430\\u0440\\u0430\", \"object\": \"\\u0410\\u0432\\u0442\\u043e\\u043f\\u0430\\u0440\\u0444\\u0443\\u043c \\u0432 \\u0430\\u0441\\u043e\\u0440\\u0442\\u0438\\u043c\\u0435\\u043d\\u0442\\u0456 \\u2014 Modern Contrast (\\u043e\\u0431\\u044f\\u0437.)\"}}, {\"added\": {\"name\": \"\\u0417\\u043d\\u0430\\u0447\\u0435\\u043d\\u0438\\u0435 \\u043e\\u043f\\u0446\\u0438\\u0438\", \"object\": \"\\u0422\\u0435\\u043c\\u043d\\u0430 \\u0442\\u0430\\u0440\\u0430 \\u0442\\u0430 \\u0441\\u0432\\u0456\\u0442\\u043b\\u0430 \\u043a\\u0440\\u0438\\u0448\\u043a\\u0430\"}}]"}}, {"model": "admin.logentry", "pk": 163, "fields": {"action_time": "2026-02-23T12:57:09.666Z", "user": ["admin"], "content_type": ["shop", "candle"], "object_id": "68", "object_repr": "Автопарфум в асортименті", "action_flag": 2, "change_message": "[{\"changed\": {\"name\": \"\\u041e\\u043f\\u0446\\u0438\\u044f \\u0442\\u043e\\u0432\\u0430\\u0440\\u0430\", \"object\": \"\\u0410\\u0432\\u0442\\u043e\\u043f\\u0430\\u0440\\u0444\\u0443\\u043c \\u0432 \\u0430\\u0441\\u043e\\u0440\\u0442\\u0438\\u043c\\u0435\\u043d\\u0442\\u0456 \\u2014 Modern Contrast (\\u043e\\u0431\\u044f\\u0437.)\", \"fields\": [\"\\u041d\\u0430\\u0437\\u0432\\u0430\\u043d\\u0438\\u0435 \\u043e\\u043f\\u0446\\u0438\\u0438 (\\u0443\\u043a\\u0440)\", \"\\u041d\\u0430\\u0437\\u0432\\u0430\\u043d\\u0438\\u0435 \\u043e\\u043f\\u0446\\u0438\\u0438 (\\u0440\\u0443\\u0441)\"]}}, {\"changed\": {\"name\": \"\\u0417\\u043d\\u0430\\u0447\\u0435\\u043d\\u0438\\u0435 \\u043e\\u043f\\u0446\\u0438\\u0438\", \"object\": \"\\u0422\\u0435\\u043c\\u043d\\u0430 \\u0442\\u0430\\u0440\\u0430 \\u0442\\u0430 \\u0441\\u0432\\u0456\\u0442\\u043b\\u0430 \\u043a\\u0440\\u0438\\u0448\\u043a\\u0430\", \"fields\": [\"\\u0417\\u043d\\u0430\\u0447\\u0435\\u043d\\u0438\\u0435 (\\u0443\\u043a\\u0440)\", \"\\u0417\\u043d\\u0430\\u0447\\u0435\\u043d\\u0438\\u0435 (\\u0440\\u0443\\u0441)\"]}}]"}}, {"model": "admin.logentry", "pk": 164, "fields": {"action_time": "2026-02-23T12:59:12.079Z", "user": ["admin"], "content_type": ["shop", "candle"], "object_id": "68", "object_repr": "Автопарфум в асортименті", "action_flag": 2, "change_message": "[{\"added\": {\"name\": \"\\u0417\\u043d\\u0430\\u0447\\u0435\\u043d\\u0438\\u0435 \\u043e\\u043f\\u0446\\u0438\\u0438\", \"object\": \"Classic Deep: \\u0421\\u0432\\u0456\\u0442\\u043b\\u0430 \\u0442\\u0430\\u0440\\u0430 \\u0456\\u0437 \\u0442\\u0435\\u043c\\u043d\\u043e\\u044e \\u043a\\u0440\\u0438\\u0448\\u043a\\u043e\\u044e\"}}]"}}, {"model": "admin.logentry", "pk": 165, "fields": {"action_time": "2026-02-23T13:02:05.249Z", "user": ["admin"], "content_type": ["shop", "candle"], "object_id": "68", "object_repr": "Автопарфум в асортименті", "action_flag": 2, "change_message": "[{\"added\": {\"name\": \"\\u0417\\u043d\\u0430\\u0447\\u0435\\u043d\\u0438\\u0435 \\u043e\\u043f\\u0446\\u0438\\u0438\", \"object\": \"All Black: \\u0442\\u0430\\u0440\\u0430 \\u0442\\u0430 \\u043a\\u0440\\u0438\\u0448\\u043a\\u0430 \\u0442\\u0435\\u043c\\u043d\\u0456\"}}, {\"added\": {\"name\": \"\\u0417\\u043d\\u0430\\u0447\\u0435\\u043d\\u0438\\u0435 \\u043e\\u043f\\u0446\\u0438\\u0438\", \"object\": \"Pure Nature: \\u041f\\u0440\\u043e\\u0437\\u043e\\u0440\\u0430 \\u0442\\u0430\\u0440\\u0430 \\u0442\\u0430 \\u0441\\u0432\\u0456\\u0442\\u043b\\u0430 \\u043a\\u0440\\u0438\\u0448\\u043a\\u0430\"}}, {\"changed\": {\"name\": \"\\u0417\\u043d\\u0430\\u0447\\u0435\\u043d\\u0438\\u0435 \\u043e\\u043f\\u0446\\u0438\\u0438\", \"object\": \"Classic Deep: \\u0421\\u0432\\u0456\\u0442\\u043b\\u0430 \\u0442\\u0430\\u0440\\u0430 \\u0456\\u0437 \\u0442\\u0435\\u043c\\u043d\\u043e\\u044e \\u043a\\u0440\\u0438\\u0448\\u043a\\u043e\\u044e\", \"fields\": [\"\\u0417\\u043d\\u0430\\u0447\\u0435\\u043d\\u0438\\u0435 (\\u0443\\u043a\\u0440)\", \"\\u0417\\u043d\\u0430\\u0447\\u0435\\u043d\\u0438\\u0435 (\\u0440\\u0443\\u0441)\"]}}]"}}, {"model": "admin.logentry", "pk": 166, "fields": {"action_time": "2026-02-23T13:02:26.087Z", "user": ["admin"], "content_type": ["shop", "candle"], "object_id": "68", "object_repr": "Автопарфум в асортименті", "action_flag": 2, "change_message": "[{\"changed\": {\"name\": \"\\u0417\\u043d\\u0430\\u0447\\u0435\\u043d\\u0438\\u0435 \\u043e\\u043f\\u0446\\u0438\\u0438\", \"object\": \"All Black: \\u0442\\u0430\\u0440\\u0430 \\u0442\\u0430 \\u043a\\u0440\\u0438\\u0448\\u043a\\u0430 \\u0442\\u0435\\u043c\\u043d\\u0456\", \"fields\": [\"\\u0417\\u043d\\u0430\\u0447\\u0435\\u043d\\u0438\\u0435 (\\u0443\\u043a\\u0440)\", \"\\u0417\\u043d\\u0430\\u0447\\u0435\\u043d\\u0438\\u0435 (\\u0440\\u0443\\u0441)\"]}}]"}}, {"model": "admin.logentry", "pk": 167, "fields": {"action_time": "2026-02-23T13:05:28.147Z", "user": ["admin"], "content_type": ["shop", "categorygroup"], "object_id": "8", "object_repr": "Аромати", "action_flag": 1, "change_message": "[{\"added\": {}}]"}}, {"model": "admin.logentry", "pk": 168, "fields": {"action_time": "2026-02-23T14:27:47.476Z", "user": ["admin"], "content_type": ["shop", "candle"], "object_id": "74", "object_repr": "Набір свічок Серденько", "action_flag": 1, "change_message": "[{\"added\": {}}, {\"added\": {\"name\": \"candle category\", \"object\": \"CandleCategory object (45)\"}}]"}}, {"model": "admin.logentry", "pk": 169, "fields": {"action_time": "2026-02-23T14:38:25.970Z", "user": ["admin"], "content_type": ["shop", "category"], "object_id": "27", "object_repr": "Фруктові", "action_flag": 1, "change_message": "[{\"added\": {}}]"}}, {"model": "admin.logentry", "pk": 170, "fields": {"action_time": "2026-02-23T14:39:04.525Z", "user": ["admin"], "content_type": ["shop", "candle"], "object_id": "75", "object_repr": "Love Spell", "action_flag": 1, "change_message": "[{\"added\": {}}, {\"added\": {\"name\": \"candle category\", \"object\": \"CandleCategory object (46)\"}}]"}}, {"model": "admin.logentry", "pk": 171, "fields": {"action_time": "2026-02-23T14:50:09.892Z", "user": ["admin"], "content_type": ["shop", "category"], "object_id": "28", "object_repr": "Гурманські", "action_flag": 1, "change_message": "[{\"added\": {}}]"}}, {"model": "admin.logentry", "pk": 172, "fields": {"action_time": "2026-02-23T14:50:19.882Z", "user": ["admin"], "content_type": ["shop", "candle"], "object_id": "76", "object_repr": "Black Sea", "action_flag": 1, "change_message": "[{\"added\": {}}, {\"added\": {\"name\": \"candle category\", \"object\": \"CandleCategory object (47)\"}}]"}}, {"model": "admin.logentry", "pk": 173, "fields": {"action_time": "2026-02-23T15:30:07.125Z", "user": ["admin"], "content_type": ["shop", "candle"], "object_id": "68", "object_repr": "Автопарфюм в асортименте", "action_flag": 2, "change_message": "[{\"added\": {\"name\": \"\\u041e\\u043f\\u0446\\u0438\\u044f \\u0442\\u043e\\u0432\\u0430\\u0440\\u0430\", \"object\": \"\\u0410\\u0432\\u0442\\u043e\\u043f\\u0430\\u0440\\u0444\\u0443\\u043c \\u0432 \\u0430\\u0441\\u043e\\u0440\\u0442\\u0438\\u043c\\u0435\\u043d\\u0442\\u0456 \\u2014 \\u0410\\u0440\\u043e\\u043c\\u0430\\u0442 (\\u043e\\u0431\\u044f\\u0437.)\"}}, {\"added\": {\"name\": \"\\u0417\\u043d\\u0430\\u0447\\u0435\\u043d\\u0438\\u0435 \\u043e\\u043f\\u0446\\u0438\\u0438\", \"object\": \"\\u0412\\u0430\\u043d\\u0438\\u043b\\u044c\"}}, {\"added\": {\"name\": \"\\u0417\\u043d\\u0430\\u0447\\u0435\\u043d\\u0438\\u0435 \\u043e\\u043f\\u0446\\u0438\\u0438\", \"object\": \"\\u0428\\u043e\\u043a\\u043e\\u043b\\u0430\\u0434\"}}, {\"added\": {\"name\": \"\\u0417\\u043d\\u0430\\u0447\\u0435\\u043d\\u0438\\u0435 \\u043e\\u043f\\u0446\\u0438\\u0438\", \"object\": \"1\"}}]"}}, {"model": "admin.logentry", "pk": 174, "fields": {"action_time": "2026-02-23T15:31:10.684Z", "user": ["admin"], "content_type": ["shop", "candle"], "object_id": "68", "object_repr": "Автопарфюм в асортименте", "action_flag": 2, "change_message": "[{\"changed\": {\"name\": \"\\u041e\\u043f\\u0446\\u0438\\u044f \\u0442\\u043e\\u0432\\u0430\\u0440\\u0430\", \"object\": \"\\u0410\\u0432\\u0442\\u043e\\u043f\\u0430\\u0440\\u0444\\u0443\\u043c \\u0432 \\u0430\\u0441\\u043e\\u0440\\u0442\\u0438\\u043c\\u0435\\u043d\\u0442\\u0456 \\u2014 \\u0410\\u0440\\u043e\\u043c\\u0430\\u0442 (\\u043e\\u0431\\u044f\\u0437.)\", \"fields\": [\"\\u041e\\u0431\\u044f\\u0437\\u0430\\u0442\\u0435\\u043b\\u044c\\u043d\\u0430\\u044f\"]}}, {\"changed\": {\"name\": \"\\u0417\\u043d\\u0430\\u0447\\u0435\\u043d\\u0438\\u0435 \\u043e\\u043f\\u0446\\u0438\\u0438\", \"object\": \"1\", \"fields\": [\"\\u0417\\u043d\\u0430\\u0447\\u0435\\u043d\\u0438\\u0435 (\\u0443\\u043a\\u0440)\"]}}]"}}, {"model": "admin.logentry", "pk": 175, "fields": {"action_time": "2026-02-23T15:43:13.139Z", "user": ["admin"], "content_type": ["shop", "categorygroup"], "object_id": "8", "object_repr": "Аромати", "action_flag": 3, "change_message": ""}}, {"model": "admin.logentry", "pk": 176, "fields": {"action_time": "2026-02-23T15:43:31.817Z", "user": ["admin"], "content_type": ["shop", "category"], "object_id": "29", "object_repr": "Ароматы", "action_flag": 1, "change_message": "[{\"added\": {}}]"}}, {"model": "admin.logentry", "pk": 177, "fields": {"action_time": "2026-02-23T15:45:53.353Z", "user": ["admin"], "content_type": ["shop", "categorygroup"], "object_id": "9", "object_repr": "Ароматы", "action_flag": 1, "change_message": "[{\"added\": {}}, {\"added\": {\"name\": \"category\", \"object\": \"\\u0412\\u0430\\u043d\\u0438\\u043b\\u044c\"}}, {\"added\": {\"name\": \"category\", \"object\": \"\\u0428\\u043e\\u043a\\u043e\\u043b\\u0430\\u0434\"}}, {\"added\": {\"name\": \"category\", \"object\": \"\\u041a\\u043e\\u0444\\u0435\"}}]"}}, {"model": "admin.logentry", "pk": 178, "fields": {"action_time": "2026-02-23T15:46:14.691Z", "user": ["admin"], "content_type": ["shop", "candle"], "object_id": "67", "object_repr": "Свічка Black Diamond", "action_flag": 2, "change_message": "[{\"added\": {\"name\": \"candle category\", \"object\": \"CandleCategory object (48)\"}}]"}}, {"model": "admin.logentry", "pk": 179, "fields": {"action_time": "2026-02-23T15:46:26.774Z", "user": ["admin"], "content_type": ["shop", "candle"], "object_id": "66", "object_repr": "Аромасвічка Iced Love Latte (коричнева)", "action_flag": 2, "change_message": "[{\"added\": {\"name\": \"candle category\", \"object\": \"CandleCategory object (49)\"}}]"}}]