[
{
  "model": "shop.category",
  "pk": 1,
  "fields": {
    "name": "Квітучі свічки",
    "name_ru": "Цветочные свечи",
    "description": "Свічки з квітковими ароматами",
    "order": 0
  }
},
{
  "model": "shop.category",
  "pk": 2,
  "fields": {
    "name": "Ароматні свічки",
    "name_ru": "Ароматические свечи",
    "description": "Свічки з екзотичними запахами",
    "order": 1
  }
},
{
  "model": "shop.category",
  "pk": 3,
  "fields": {
    "name": "Фруктові свічки",
    "name_ru": "Фруктовые свечи",
    "description": "Свічки з фруктовими ароматами",
    "order": 2
  }
},
{
  "model": "shop.category",
  "pk": 4,
  "fields": {
    "name": "Деревні свічки",
    "name_ru": "Древесные свечи",
    "description": "Свічки з деревяними нотками",
    "order": 3
  }
},
{
  "model": "shop.category",
  "pk": 5,
  "fields": {
    "name": "Специевідні свічки",
    "name_ru": "Пряные свечи",
    "description": "Свічки з запахом спецій",
    "order": 4
  }
},
{
  "model": "shop.category",
  "pk": 6,
  "fields": {
    "name": "Класичні свічки",
    "name_ru": "Классические свечи",
    "description": "Свічки із традиційними ароматами",
    "order": 6
  }
},
{
  "model": "shop.category",
  "pk": 7,
  "fields": {
    "name": "Восковані свічки",
    "name_ru": "Премиум свечи",
    "description": "Свічки преміум якості",
    "order": 5
  }
},
{
  "model": "shop.collection",
  "pk": 1,
  "fields": {
    "code": "TEST",
    "title_uk": "коллекция укр тест",
    "title_ru": "коллекция рус тест",
    "description_uk": "описание укр тест",
    "description_ru": "описание рус тест",
    "description": "",
    "order": 0
  }
},
{
  "model": "shop.candle",
  "pk": 2,
  "fields": {
    "name": "Кардамон свічка #1",
    "name_ru": "Кардамон свеча #1",
    "description": "Красива ароматна свічка з запахом Кардамон. Від Iris Aroma.",
    "description_ru": "Красивая ароматная свеча с запахом Кардамон. От Iris Aroma.",
    "price": "305.29",
    "image": "candles/1_c4MOTKa.jpg",
    "image2": "",
    "image3": "",
    "category": null,
    "order": 1,
    "is_hit": true,
    "is_on_sale": false,
    "discount_percent": null,
    "collection": null
  }
},
{
  "model": "shop.candle",
  "pk": 3,
  "fields": {
    "name": "Ваніль свічка #2",
    "name_ru": "Ваниль свеча #2",
    "description": "Красива ароматна свічка з запахом Ваніль. Від Iris Aroma.",
    "description_ru": "Красивая ароматная свеча с запахом Ваниль. От Iris Aroma.",
    "price": "469.88",
    "image": "candles/2_jLeOh15.jpg",
    "image2": "",
    "image3": "",
    "category": null,
    "order": 2,
    "is_hit": true,
    "is_on_sale": false,
    "discount_percent": null,
    "collection": null
  }
},
{
  "model": "shop.candle",
  "pk": 4,
  "fields": {
    "name": "Мускус свічка #3",
    "name_ru": "Мускус свеча #3",
    "description": "Красива ароматна свічка з запахом Мускус. Від Iris Aroma.",
    "description_ru": "Красивая ароматная свеча с запахом Мускус. От Iris Aroma.",
    "price": "393.04",
    "image": "candles/3_xtecTAJ.jpg",
    "image2": "",
    "image3": "",
    "category": null,
    "order": 3,
    "is_hit": true,
    "is_on_sale": false,
    "discount_percent": null,
    "collection": null
  }
},
{
  "model": "shop.candle",
  "pk": 5,
  "fields": {
    "name": "Кардамон свічка #4",
    "name_ru": "Кардамон свеча #4",
    "description": "Красива ароматна свічка з запахом Кардамон. Від Iris Aroma.",
    "description_ru": "Красивая ароматная свеча с запахом Кардамон. От Iris Aroma.",
    "price": "131.28",
    "image": "candles/4_6zSBW6J.jpg",
    "image2": "",
    "image3": "",
    "category": null,
    "order": 4,
    "is_hit": true,
    "is_on_sale": false,
    "discount_percent": null,
    "collection": null
  }
},
{
  "model": "shop.candle",
  "pk": 6,
  "fields": {
    "name": "Шоколад свічка #5",
    "name_ru": "Шоколад свеча #5",
    "description": "Красива ароматна свічка з запахом Шоколад. Від Iris Aroma.",
    "description_ru": "Красивая ароматная свеча с запахом Шоколад. От Iris Aroma.",
    "price": "493.50",
    "image": "candles/5_g4pdtKE.jpg",
    "image2": "",
    "image3": "",
    "category": null,
    "order": 5,
    "is_hit": true,
    "is_on_sale": false,
    "discount_percent": null,
    "collection": null
  }
},
{
  "model": "shop.candle",
  "pk": 7,
  "fields": {
    "name": "Яблуко свічка #6",
    "name_ru": "Яблоко свеча #6",
    "description": "Красива ароматна свічка з запахом Яблуко. Від Iris Aroma.",
    "description_ru": "Красивая ароматная свеча с запахом Яблоко. От Iris Aroma.",
    "price": "241.79",
    "image": "candles/6_Al4CaxB.jpg",
    "image2": "",
    "image3": "",
    "category": null,
    "order": 6,
    "is_hit": true,
    "is_on_sale": false,
    "discount_percent": null,
    "collection": null
  }
},
{
  "model": "shop.candle",
  "pk": 8,
  "fields": {
    "name": "Яблуко свічка #7",
    "name_ru": "Яблоко свеча #7",
    "description": "Красива ароматна свічка з запахом Яблуко. Від Iris Aroma.",
    "description_ru": "Красивая ароматная свеча с запахом Яблоко. От Iris Aroma.",
    "price": "161.58",
    "image": "candles/candle_198.jpg",
    "image2": "",
    "image3": "",
    "category": 7,
    "order": 0,
    "is_hit": false,
    "is_on_sale": false,
    "discount_percent": null,
    "collection": null
  }
},
{
  "model": "shop.candle",
  "pk": 9,
  "fields": {
    "name": "Ваніль свічка #8",
    "name_ru": "Ваниль свеча #8",
    "description": "Красива ароматна свічка з запахом Ваніль. Від Iris Aroma.",
    "description_ru": "Красивая ароматная свеча с запахом Ваниль. От Iris Aroma.",
    "price": "360.69",
    "image": "candles/candle_199.jpg",
    "image2": "",
    "image3": "",
    "category": null,
    "order": 0,
    "is_hit": false,
    "is_on_sale": false,
    "discount_percent": null,
    "collection": null
  }
},
{
  "model": "shop.candle",
  "pk": 10,
  "fields": {
    "name": "Лимон свічка #9",
    "name_ru": "Лимон свеча #9",
    "description": "Красива ароматна свічка з запахом Лимон. Від Iris Aroma.",
    "description_ru": "Красивая ароматная свеча с запахом Лимон. От Iris Aroma.",
    "price": "348.53",
    "image": "candles/candle_200.jpg",
    "image2": "",
    "image3": "",
    "category": null,
    "order": 0,
    "is_hit": false,
    "is_on_sale": false,
    "discount_percent": null,
    "collection": null
  }
},
{
  "model": "shop.candle",
  "pk": 11,
  "fields": {
    "name": "Корица свічка #10",
    "name_ru": "Корица свеча #10",
    "description": "Красива ароматна свічка з запахом Корица. Від Iris Aroma.",
    "description_ru": "Красивая ароматная свеча с запахом Корица. От Iris Aroma.",
    "price": "463.81",
    "image": "candles/candle_201.jpg",
    "image2": "",
    "image3": "",
    "category": null,
    "order": 0,
    "is_hit": false,
    "is_on_sale": false,
    "discount_percent": null,
    "collection": null
  }
},
{
  "model": "shop.candle",
  "pk": 12,
  "fields": {
    "name": "Троянда свічка #11",
    "name_ru": "Роза свеча #11",
    "description": "Красива ароматна свічка з запахом Троянда. Від Iris Aroma.",
    "description_ru": "Красивая ароматная свеча с запахом Роза. От Iris Aroma.",
    "price": "453.31",
    "image": "candles/candle_202.jpg",
    "image2": "",
    "image3": "",
    "category": null,
    "order": 0,
    "is_hit": false,
    "is_on_sale": false,
    "discount_percent": null,
    "collection": null
  }
},
{
  "model": "shop.candle",
  "pk": 13,
  "fields": {
    "name": "Кардамон свічка #12",
    "name_ru": "Кардамон свеча #12",
    "description": "Красива ароматна свічка з запахом Кардамон. Від Iris Aroma.",
    "description_ru": "Красивая ароматная свеча с запахом Кардамон. От Iris Aroma.",
    "price": "463.36",
    "image": "candles/candle_203.jpg",
    "image2": "",
    "image3": "",
    "category": 4,
    "order": 0,
    "is_hit": false,
    "is_on_sale": false,
    "discount_percent": null,
    "collection": null
  }
},
{
  "model": "shop.candle",
  "pk": 14,
  "fields": {
    "name": "Апельсин свічка #13",
    "name_ru": "Апельсин свеча #13",
    "description": "Красива ароматна свічка з запахом Апельсин. Від Iris Aroma.",
    "description_ru": "Красивая ароматная свеча с запахом Апельсин. От Iris Aroma.",
    "price": "198.32",
    "image": "candles/candle_204.jpg",
    "image2": "",
    "image3": "",
    "category": 2,
    "order": 0,
    "is_hit": false,
    "is_on_sale": false,
    "discount_percent": null,
    "collection": null
  }
},
{
  "model": "shop.candle",
  "pk": 15,
  "fields": {
    "name": "Мед свічка #14",
    "name_ru": "Мёд свеча #14",
    "description": "Красива ароматна свічка з запахом Мед. Від Iris Aroma.",
    "description_ru": "Красивая ароматная свеча с запахом Мёд. От Iris Aroma.",
    "price": "143.96",
    "image": "candles/candle_205.jpg",
    "image2": "",
    "image3": "",
    "category": 7,
    "order": 0,
    "is_hit": false,
    "is_on_sale": false,
    "discount_percent": null,
    "collection": null
  }
},
{
  "model": "shop.candle",
  "pk": 16,
  "fields": {
    "name": "Ліс свічка #15",
    "name_ru": "Лес свеча #15",
    "description": "Красива ароматна свічка з запахом Ліс. Від Iris Aroma.",
    "description_ru": "Красивая ароматная свеча с запахом Лес. От Iris Aroma.",
    "price": "335.15",
    "image": "candles/candle_206.jpg",
    "image2": "",
    "image3": "",
    "category": null,
    "order": 0,
    "is_hit": false,
    "is_on_sale": false,
    "discount_percent": null,
    "collection": null
  }
},
{
  "model": "shop.candle",
  "pk": 17,
  "fields": {
    "name": "Мускус свічка #16",
    "name_ru": "Мускус свеча #16",
    "description": "Красива ароматна свічка з запахом Мускус. Від Iris Aroma.",
    "description_ru": "Красивая ароматная свеча с запахом Мускус. От Iris Aroma.",
    "price": "453.38",
    "image": "candles/candle_207.jpg",
    "image2": "",
    "image3": "",
    "category": null,
    "order": 0,
    "is_hit": false,
    "is_on_sale": false,
    "discount_percent": null,
    "collection": null
  }
},
{
  "model": "shop.candle",
  "pk": 18,
  "fields": {
    "name": "Морський бриз свічка #17",
    "name_ru": "Морской бриз свеча #17",
    "description": "Красива ароматна свічка з запахом Морський бриз. Від Iris Aroma.",
    "description_ru": "Красивая ароматная свеча с запахом Морской бриз. От Iris Aroma.",
    "price": "74.27",
    "image": "candles/candle_208.jpg",
    "image2": "",
    "image3": "",
    "category": 1,
    "order": 0,
    "is_hit": false,
    "is_on_sale": false,
    "discount_percent": null,
    "collection": null
  }
},
{
  "model": "shop.candle",
  "pk": 19,
  "fields": {
    "name": "Мускус свічка #18",
    "name_ru": "Мускус свеча #18",
    "description": "Красива ароматна свічка з запахом Мускус. Від Iris Aroma.",
    "description_ru": "Красивая ароматная свеча с запахом Мускус. От Iris Aroma.",
    "price": "112.42",
    "image": "candles/candle_209.jpg",
    "image2": "",
    "image3": "",
    "category": null,
    "order": 0,
    "is_hit": false,
    "is_on_sale": false,
    "discount_percent": null,
    "collection": null
  }
},
{
  "model": "shop.candle",
  "pk": 20,
  "fields": {
    "name": "Троянда свічка #19",
    "name_ru": "Роза свеча #19",
    "description": "Красива ароматна свічка з запахом Троянда. Від Iris Aroma.",
    "description_ru": "Красивая ароматная свеча с запахом Роза. От Iris Aroma.",
    "price": "130.86",
    "image": "candles/candle_210.jpg",
    "image2": "",
    "image3": "",
    "category": 1,
    "order": 0,
    "is_hit": false,
    "is_on_sale": false,
    "discount_percent": null,
    "collection": null
  }
},
{
  "model": "shop.candle",
  "pk": 21,
  "fields": {
    "name": "Морський бриз свічка #20",
    "name_ru": "Морской бриз свеча #20",
    "description": "Красива ароматна свічка з запахом Морський бриз. Від Iris Aroma.",
    "description_ru": "Красивая ароматная свеча с запахом Морской бриз. От Iris Aroma.",
    "price": "233.06",
    "image": "candles/candle_211.jpg",
    "image2": "",
    "image3": "",
    "category": 4,
    "order": 0,
    "is_hit": false,
    "is_on_sale": false,
    "discount_percent": null,
    "collection": null
  }
},
{
  "model": "shop.candle",
  "pk": 22,
  "fields": {
    "name": "Корица свічка #21",
    "name_ru": "Корица свеча #21",
    "description": "Красива ароматна свічка з запахом Корица. Від Iris Aroma.",
    "description_ru": "Красивая ароматная свеча с запахом Корица. От Iris Aroma.",
    "price": "448.68",
    "image": "candles/candle_212.jpg",
    "image2": "",
    "image3": "",
    "category": null,
    "order": 0,
    "is_hit": false,
    "is_on_sale": false,
    "discount_percent": null,
    "collection": null
  }
},
{
  "model": "shop.candle",
  "pk": 23,
  "fields": {
    "name": "Корица свічка #22",
    "name_ru": "Корица свеча #22",
    "description": "Красива ароматна свічка з запахом Корица. Від Iris Aroma.",
    "description_ru": "Красивая ароматная свеча с запахом Корица. От Iris Aroma.",
    "price": "122.08",
    "image": "candles/candle_213.jpg",
    "image2": "",
    "image3": "",
    "category": null,
    "order": 0,
    "is_hit": false,
    "is_on_sale": false,
    "discount_percent": null,
    "collection": null
  }
},
{
  "model": "shop.candle",
  "pk": 24,
  "fields": {
    "name": "Троянда свічка #23",
    "name_ru": "Роза свеча #23",
    "description": "Красива ароматна свічка з запахом Троянда. Від Iris Aroma.",
    "description_ru": "Красивая ароматная свеча с запахом Роза. От Iris Aroma.",
    "price": "296.03",
    "image": "candles/candle_214.jpg",
    "image2": "",
    "image3": "",
    "category": null,
    "order": 0,
    "is_hit": false,
    "is_on_sale": false,
    "discount_percent": null,
    "collection": null
  }
},
{
  "model": "shop.candle",
  "pk": 25,
  "fields": {
    "name": "Морський бриз свічка #24",
    "name_ru": "Морской бриз свеча #24",
    "description": "Красива ароматна свічка з запахом Морський бриз. Від Iris Aroma.",
    "description_ru": "Красивая ароматная свеча с запахом Морской бриз. От Iris Aroma.",
    "price": "472.36",
    "image": "candles/candle_215.jpg",
    "image2": "",
    "image3": "",
    "category": 4,
    "order": 0,
    "is_hit": false,
    "is_on_sale": false,
    "discount_percent": null,
    "collection": null
  }
},
{
  "model": "shop.candle",
  "pk": 26,
  "fields": {
    "name": "Яблуко свічка #25",
    "name_ru": "Яблоко свеча #25",
    "description": "Красива ароматна свічка з запахом Яблуко. Від Iris Aroma.",
    "description_ru": "Красивая ароматная свеча с запахом Яблоко. От Iris Aroma.",
    "price": "263.70",
    "image": "candles/candle_216.jpg",
    "image2": "",
    "image3": "",
    "category": 2,
    "order": 0,
    "is_hit": false,
    "is_on_sale": false,
    "discount_percent": null,
    "collection": null
  }
},
{
  "model": "shop.candle",
  "pk": 27,
  "fields": {
    "name": "Лимон свічка #26",
    "name_ru": "Лимон свеча #26",
    "description": "Красива ароматна свічка з запахом Лимон. Від Iris Aroma.",
    "description_ru": "Красивая ароматная свеча с запахом Лимон. От Iris Aroma.",
    "price": "469.59",
    "image": "candles/candle_217.jpg",
    "image2": "",
    "image3": "",
    "category": null,
    "order": 0,
    "is_hit": false,
    "is_on_sale": false,
    "discount_percent": null,
    "collection": null
  }
},
{
  "model": "shop.candle",
  "pk": 28,
  "fields": {
    "name": "Мед свічка #27",
    "name_ru": "Мёд свеча #27",
    "description": "Красива ароматна свічка з запахом Мед. Від Iris Aroma.",
    "description_ru": "Красивая ароматная свеча с запахом Мёд. От Iris Aroma.",
    "price": "50.56",
    "image": "candles/candle_218.jpg",
    "image2": "",
    "image3": "",
    "category": null,
    "order": 0,
    "is_hit": false,
    "is_on_sale": false,
    "discount_percent": null,
    "collection": null
  }
},
{
  "model": "shop.candle",
  "pk": 29,
  "fields": {
    "name": "Яблуко свічка #28",
    "name_ru": "Яблоко свеча #28",
    "description": "Красива ароматна свічка з запахом Яблуко. Від Iris Aroma.",
    "description_ru": "Красивая ароматная свеча с запахом Яблоко. От Iris Aroma.",
    "price": "64.44",
    "image": "candles/candle_219.jpg",
    "image2": "",
    "image3": "",
    "category": 7,
    "order": 0,
    "is_hit": false,
    "is_on_sale": false,
    "discount_percent": null,
    "collection": null
  }
},
{
  "model": "shop.candle",
  "pk": 30,
  "fields": {
    "name": "Кавуни свічка #29",
    "name_ru": "Арбуз свеча #29",
    "description": "Красива ароматна свічка з запахом Кавуни. Від Iris Aroma.",
    "description_ru": "Красивая ароматная свеча с запахом Арбуз. От Iris Aroma.",
    "price": "186.97",
    "image": "candles/candle_220.jpg",
    "image2": "",
    "image3": "",
    "category": null,
    "order": 0,
    "is_hit": false,
    "is_on_sale": false,
    "discount_percent": null,
    "collection": null
  }
},
{
  "model": "shop.candle",
  "pk": 31,
  "fields": {
    "name": "Жасмін свічка #30",
    "name_ru": "Жасмин свеча #30",
    "description": "Красива ароматна свічка з запахом Жасмін. Від Iris Aroma.",
    "description_ru": "Красивая ароматная свеча с запахом Жасмин. От Iris Aroma.",
    "price": "307.62",
    "image": "candles/candle_221.jpg",
    "image2": "",
    "image3": "",
    "category": 2,
    "order": 0,
    "is_hit": false,
    "is_on_sale": false,
    "discount_percent": null,
    "collection": null
  }
},
{
  "model": "shop.candle",
  "pk": 32,
  "fields": {
    "name": "Ваніль свічка #31",
    "name_ru": "Ваниль свеча #31",
    "description": "Красива ароматна свічка з запахом Ваніль. Від Iris Aroma.",
    "description_ru": "Красивая ароматная свеча с запахом Ваниль. От Iris Aroma.",
    "price": "396.97",
    "image": "candles/candle_222.jpg",
    "image2": "",
    "image3": "",
    "category": 6,
    "order": 0,
    "is_hit": false,
    "is_on_sale": false,
    "discount_percent": null,
    "collection": null
  }
},
{
  "model": "shop.candle",
  "pk": 33,
  "fields": {
    "name": "Корица свічка #32",
    "name_ru": "Корица свеча #32",
    "description": "Красива ароматна свічка з запахом Корица. Від Iris Aroma.",
    "description_ru": "Красивая ароматная свеча с запахом Корица. От Iris Aroma.",
    "price": "477.41",
    "image": "candles/candle_223.jpg",
    "image2": "",
    "image3": "",
    "category": 4,
    "order": 0,
    "is_hit": false,
    "is_on_sale": false,
    "discount_percent": null,
    "collection": null
  }
},
{
  "model": "shop.candle",
  "pk": 34,
  "fields": {
    "name": "Кавуни свічка #33",
    "name_ru": "Арбуз свеча #33",
    "description": "Красива ароматна свічка з запахом Кавуни. Від Iris Aroma.",
    "description_ru": "Красивая ароматная свеча с запахом Арбуз. От Iris Aroma.",
    "price": "339.30",
    "image": "candles/candle_224.jpg",
    "image2": "",
    "image3": "",
    "category": null,
    "order": 0,
    "is_hit": false,
    "is_on_sale": false,
    "discount_percent": null,
    "collection": null
  }
},
{
  "model": "shop.candle",
  "pk": 35,
  "fields": {
    "name": "Морський бриз свічка #34",
    "name_ru": "Морской бриз свеча #34",
    "description": "Красива ароматна свічка з запахом Морський бриз. Від Iris Aroma.",
    "description_ru": "Красивая ароматная свеча с запахом Морской бриз. От Iris Aroma.",
    "price": "360.04",
    "image": "candles/candle_225.jpg",
    "image2": "",
    "image3": "",
    "category": 6,
    "order": 0,
    "is_hit": false,
    "is_on_sale": false,
    "discount_percent": null,
    "collection": null
  }
},
{
  "model": "shop.candle",
  "pk": 36,
  "fields": {
    "name": "Яблуко свічка #35",
    "name_ru": "Яблоко свеча #35",
    "description": "Красива ароматна свічка з запахом Яблуко. Від Iris Aroma.",
    "description_ru": "Красивая ароматная свеча с запахом Яблоко. От Iris Aroma.",
    "price": "463.27",
    "image": "candles/candle_226.jpg",
    "image2": "",
    "image3": "",
    "category": 2,
    "order": 0,
    "is_hit": false,
    "is_on_sale": false,
    "discount_percent": null,
    "collection": null
  }
},
{
  "model": "shop.candle",
  "pk": 37,
  "fields": {
    "name": "Морський бриз свічка #36",
    "name_ru": "Морской бриз свеча #36",
    "description": "Красива ароматна свічка з запахом Морський бриз. Від Iris Aroma.",
    "description_ru": "Красивая ароматная свеча с запахом Морской бриз. От Iris Aroma.",
    "price": "274.46",
    "image": "candles/candle_227.jpg",
    "image2": "",
    "image3": "",
    "category": null,
    "order": 0,
    "is_hit": false,
    "is_on_sale": false,
    "discount_percent": null,
    "collection": null
  }
},
{
  "model": "shop.candle",
  "pk": 38,
  "fields": {
    "name": "Мускус свічка #37",
    "name_ru": "Мускус свеча #37",
    "description": "Красива ароматна свічка з запахом Мускус. Від Iris Aroma.",
    "description_ru": "Красивая ароматная свеча с запахом Мускус. От Iris Aroma.",
    "price": "127.93",
    "image": "candles/candle_228.jpg",
    "image2": "",
    "image3": "",
    "category": 6,
    "order": 0,
    "is_hit": false,
    "is_on_sale": false,
    "discount_percent": null,
    "collection": null
  }
},
{
  "model": "shop.candle",
  "pk": 39,
  "fields": {
    "name": "Морський бриз свічка #38",
    "name_ru": "Морской бриз свеча #38",
    "description": "Красива ароматна свічка з запахом Морський бриз. Від Iris Aroma.",
    "description_ru": "Красивая ароматная свеча с запахом Морской бриз. От Iris Aroma.",
    "price": "214.55",
    "image": "candles/candle_229.jpg",
    "image2": "",
    "image3": "",
    "category": 4,
    "order": 0,
    "is_hit": false,
    "is_on_sale": false,
    "discount_percent": null,
    "collection": null
  }
},
{
  "model": "shop.candle",
  "pk": 40,
  "fields": {
    "name": "Яблуко свічка #39",
    "name_ru": "Яблоко свеча #39",
    "description": "Красива ароматна свічка з запахом Яблуко. Від Iris Aroma.",
    "description_ru": "Красивая ароматная свеча с запахом Яблоко. От Iris Aroma.",
    "price": "454.11",
    "image": "candles/candle_230.jpg",
    "image2": "",
    "image3": "",
    "category": 4,
    "order": 0,
    "is_hit": false,
    "is_on_sale": false,
    "discount_percent": null,
    "collection": null
  }
},
{
  "model": "shop.candle",
  "pk": 41,
  "fields": {
    "name": "Шоколад свічка #40",
    "name_ru": "Шоколад свеча #40",
    "description": "Красива ароматна свічка з запахом Шоколад. Від Iris Aroma.",
    "description_ru": "Красивая ароматная свеча с запахом Шоколад. От Iris Aroma.",
    "price": "228.88",
    "image": "candles/candle_231.jpg",
    "image2": "",
    "image3": "",
    "category": null,
    "order": 0,
    "is_hit": false,
    "is_on_sale": false,
    "discount_percent": null,
    "collection": null
  }
},
{
  "model": "shop.candle",
  "pk": 42,
  "fields": {
    "name": "Лимон свічка #41",
    "name_ru": "Лимон свеча #41",
    "description": "Красива ароматна свічка з запахом Лимон. Від Iris Aroma.",
    "description_ru": "Красивая ароматная свеча с запахом Лимон. От Iris Aroma.",
    "price": "154.27",
    "image": "candles/candle_232.jpg",
    "image2": "",
    "image3": "",
    "category": 2,
    "order": 0,
    "is_hit": false,
    "is_on_sale": false,
    "discount_percent": null,
    "collection": null
  }
},
{
  "model": "shop.candle",
  "pk": 43,
  "fields": {
    "name": "Мускус свічка #42",
    "name_ru": "Мускус свеча #42",
    "description": "Красива ароматна свічка з запахом Мускус. Від Iris Aroma.",
    "description_ru": "Красивая ароматная свеча с запахом Мускус. От Iris Aroma.",
    "price": "299.06",
    "image": "candles/candle_233.jpg",
    "image2": "",
    "image3": "",
    "category": null,
    "order": 0,
    "is_hit": false,
    "is_on_sale": false,
    "discount_percent": null,
    "collection": null
  }
},
{
  "model": "shop.candle",
  "pk": 44,
  "fields": {
    "name": "Ваніль свічка #43",
    "name_ru": "Ваниль свеча #43",
    "description": "Красива ароматна свічка з запахом Ваніль. Від Iris Aroma.",
    "description_ru": "Красивая ароматная свеча с запахом Ваниль. От Iris Aroma.",
    "price": "292.04",
    "image": "candles/candle_234.jpg",
    "image2": "",
    "image3": "",
    "category": 1,
    "order": 0,
    "is_hit": false,
    "is_on_sale": false,
    "discount_percent": null,
    "collection": null
  }
},
{
  "model": "shop.candle",
  "pk": 45,
  "fields": {
    "name": "Лавандовий свічка #44",
    "name_ru": "Лавандовый свеча #44",
    "description": "Красива ароматна свічка з запахом Лавандовий. Від Iris Aroma.",
    "description_ru": "Красивая ароматная свеча с запахом Лавандовый. От Iris Aroma.",
    "price": "268.77",
    "image": "candles/candle_235.jpg",
    "image2": "",
    "image3": "",
    "category": 7,
    "order": 0,
    "is_hit": false,
    "is_on_sale": false,
    "discount_percent": null,
    "collection": null
  }
},
{
  "model": "shop.candle",
  "pk": 46,
  "fields": {
    "name": "Мускус свічка #45",
    "name_ru": "Мускус свеча #45",
    "description": "Красива ароматна свічка з запахом Мускус. Від Iris Aroma.",
    "description_ru": "Красивая ароматная свеча с запахом Мускус. От Iris Aroma.",
    "price": "100.35",
    "image": "candles/candle_236.jpg",
    "image2": "",
    "image3": "",
    "category": null,
    "order": 0,
    "is_hit": false,
    "is_on_sale": false,
    "discount_percent": null,
    "collection": null
  }
},
{
  "model": "shop.candle",
  "pk": 47,
  "fields": {
    "name": "Троянда свічка #46",
    "name_ru": "Роза свеча #46",
    "description": "Красива ароматна свічка з запахом Троянда. Від Iris Aroma.",
    "description_ru": "Красивая ароматная свеча с запахом Роза. От Iris Aroma.",
    "price": "357.53",
    "image": "candles/candle_237.jpg",
    "image2": "",
    "image3": "",
    "category": 4,
    "order": 0,
    "is_hit": false,
    "is_on_sale": false,
    "discount_percent": null,
    "collection": null
  }
},
{
  "model": "shop.candle",
  "pk": 48,
  "fields": {
    "name": "Троянда свічка #47",
    "name_ru": "Роза свеча #47",
    "description": "Красива ароматна свічка з запахом Троянда. Від Iris Aroma.",
    "description_ru": "Красивая ароматная свеча с запахом Роза. От Iris Aroma.",
    "price": "282.00",
    "image": "candles/candle_238.jpg",
    "image2": "",
    "image3": "",
    "category": 4,
    "order": 0,
    "is_hit": false,
    "is_on_sale": false,
    "discount_percent": 30,
    "collection": null
  }
},
{
  "model": "shop.candle",
  "pk": 49,
  "fields": {
    "name": "Корица свічка #48",
    "name_ru": "Корица свеча #48",
    "description": "Красива ароматна свічка з запахом Корица. Від Iris Aroma.",
    "description_ru": "Красивая ароматная свеча с запахом Корица. От Iris Aroma.",
    "price": "437.33",
    "image": "candles/candle_239.jpg",
    "image2": "",
    "image3": "",
    "category": null,
    "order": 0,
    "is_hit": false,
    "is_on_sale": false,
    "discount_percent": null,
    "collection": null
  }
},
{
  "model": "shop.candle",
  "pk": 50,
  "fields": {
    "name": "Кардамон свічка #49",
    "name_ru": "Кардамон свеча #49",
    "description": "Красива ароматна свічка з запахом Кардамон. Від Iris Aroma.",
    "description_ru": "Красивая ароматная свеча с запахом Кардамон. От Iris Aroma.",
    "price": "223.98",
    "image": "candles/candle_240.jpg",
    "image2": "",
    "image3": "",
    "category": null,
    "order": 0,
    "is_hit": false,
    "is_on_sale": false,
    "discount_percent": null,
    "collection": null
  }
},
{
  "model": "shop.candle",
  "pk": 51,
  "fields": {
    "name": "Троянда свічка #50",
    "name_ru": "Роза свеча #50",
    "description": "Красива ароматна свічка з запахом Троянда. Від Iris Aroma.",
    "description_ru": "Красивая ароматная свеча с запахом Роза. От Iris Aroma.",
    "price": "406.53",
    "image": "candles/candle_241.jpg",
    "image2": "",
    "image3": "",
    "category": null,
    "order": 0,
    "is_hit": false,
    "is_on_sale": false,
    "discount_percent": 20,
    "collection": null
  }
},
{
  "model": "shop.candle",
  "pk": 52,
  "fields": {
    "name": "Шоколад свічка test #1",
    "name_ru": "Шоколад свеча test #1",
    "description": "Тестова свічка з ароматом Шоколад.",
    "description_ru": "Тестовая свеча с ароматом Шоколад.",
    "price": "261.82",
    "image": "candles/placeholder.png",
    "image2": "",
    "image3": "",
    "category": 3,
    "order": 7,
    "is_hit": false,
    "is_on_sale": false,
    "discount_percent": null,
    "collection": null
  }
},
{
  "model": "shop.candle",
  "pk": 53,
  "fields": {
    "name": "Кардамон свічка test #2",
    "name_ru": "Кардамон свеча test #2",
    "description": "Тестова свічка з ароматом Кардамон.",
    "description_ru": "Тестовая свеча с ароматом Кардамон.",
    "price": "158.62",
    "image": "candles/placeholder.png",
    "image2": "",
    "image3": "",
    "category": null,
    "order": 8,
    "is_hit": false,
    "is_on_sale": false,
    "discount_percent": null,
    "collection": null
  }
},
{
  "model": "shop.candle",
  "pk": 54,
  "fields": {
    "name": "Морський бриз свічка test #3",
    "name_ru": "Морской бриз свеча test #3",
    "description": "Тестова свічка з ароматом Морський бриз.",
    "description_ru": "Тестовая свеча с ароматом Морской бриз.",
    "price": "241.33",
    "image": "candles/placeholder.png",
    "image2": "",
    "image3": "",
    "category": 6,
    "order": 9,
    "is_hit": false,
    "is_on_sale": false,
    "discount_percent": null,
    "collection": null
  }
},
{
  "model": "shop.candle",
  "pk": 55,
  "fields": {
    "name": "Мускус свічка test #4",
    "name_ru": "Мускус свеча test #4",
    "description": "Тестова свічка з ароматом Мускус.",
    "description_ru": "Тестовая свеча с ароматом Мускус.",
    "price": "120.67",
    "image": "candles/placeholder.png",
    "image2": "",
    "image3": "",
    "category": null,
    "order": 10,
    "is_hit": false,
    "is_on_sale": false,
    "discount_percent": null,
    "collection": null
  }
},
{
  "model": "shop.candle",
  "pk": 56,
  "fields": {
    "name": "Мускус свічка test #5",
    "name_ru": "Мускус свеча test #5",
    "description": "Тестова свічка з ароматом Мускус.",
    "description_ru": "Тестовая свеча с ароматом Мускус.",
    "price": "182.73",
    "image": "candles/placeholder.png",
    "image2": "",
    "image3": "",
    "category": null,
    "order": 11,
    "is_hit": false,
    "is_on_sale": false,
    "discount_percent": null,
    "collection": null
  }
},
{
  "model": "shop.candle",
  "pk": 57,
  "fields": {
    "name": "Апельсин свічка test #6",
    "name_ru": "Апельсин свеча test #6",
    "description": "Тестова свічка з ароматом Апельсин.",
    "description_ru": "Тестовая свеча с ароматом Апельсин.",
    "price": "246.41",
    "image": "candles/placeholder.png",
    "image2": "",
    "image3": "",
    "category": null,
    "order": 12,
    "is_hit": false,
    "is_on_sale": false,
    "discount_percent": null,
    "collection": null
  }
},
{
  "model": "shop.candle",
  "pk": 58,
  "fields": {
    "name": "Мускус свічка test #7",
    "name_ru": "Мускус свеча test #7",
    "description": "Тестова свічка з ароматом Мускус.",
    "description_ru": "Тестовая свеча с ароматом Мускус.",
    "price": "81.96",
    "image": "candles/placeholder.png",
    "image2": "",
    "image3": "",
    "category": 6,
    "order": 13,
    "is_hit": false,
    "is_on_sale": false,
    "discount_percent": null,
    "collection": null
  }
},
{
  "model": "shop.candle",
  "pk": 59,
  "fields": {
    "name": "Апельсин свічка test #8",
    "name_ru": "Апельсин свеча test #8",
    "description": "Тестова свічка з ароматом Апельсин.",
    "description_ru": "Тестовая свеча с ароматом Апельсин.",
    "price": "138.78",
    "image": "candles/placeholder.png",
    "image2": "",
    "image3": "",
    "category": 3,
    "order": 14,
    "is_hit": false,
    "is_on_sale": false,
    "discount_percent": null,
    "collection": null
  }
},
{
  "model": "shop.candle",
  "pk": 60,
  "fields": {
    "name": "Лавандовий свічка test #9",
    "name_ru": "Лавандовый свеча test #9",
    "description": "Тестова свічка з ароматом Лавандовий.",
    "description_ru": "Тестовая свеча с ароматом Лавандовый.",
    "price": "162.97",
    "image": "candles/placeholder.png",
    "image2": "",
    "image3": "",
    "category": 5,
    "order": 15,
    "is_hit": false,
    "is_on_sale": false,
    "discount_percent": null,
    "collection": null
  }
},
{
  "model": "shop.candle",
  "pk": 61,
  "fields": {
    "name": "Мускус свічка test #10",
    "name_ru": "Мускус свеча test #10",
    "description": "Тестова свічка з ароматом Мускус.",
    "description_ru": "Тестовая свеча с ароматом Мускус.",
    "price": "231.13",
    "image": "candles/placeholder.png",
    "image2": "",
    "image3": "",
    "category": null,
    "order": 16,
    "is_hit": false,
    "is_on_sale": false,
    "discount_percent": null,
    "collection": null
  }
},
{
  "model": "shop.candle",
  "pk": 64,
  "fields": {
    "name": "Aroma Сandle",
    "name_ru": "Aroma Сandle",
    "description": "Cereria Molla Tea & Lemongrass XL 600 г\r\n\r\nCereria Molla – сімейна іспанська майстерня з 1899 року, яка вручну виготовляє ароматичні свічки та дифузори. Понад столітня історія бренду гарантує високу якість та вишукані аромати.\r\n\r\nTea & Lemongrass XL – освіжальний легкий аромат, який поєднує ніжність чаю з цитрусовими нотами лемонграсу. Композиція створює атмосферу спокою, свіжості та гармонії, наповнюючи простір відчуттям чистоти та енергії.\r\n\r\nАромат:\r\n\r\nВерхні ноти: лемонграс\r\n\r\nСерце аромату: чай\r\n\r\nБазові ноти: легкі трав’яні та цитрусові акорди\r\n\r\nХарактеристики:\r\n\r\nВага: 600 г (XL)\r\n\r\nЧас горіння: ≈ 120–130 годин\r\n\r\nНатуральний віск і ароматичні олії\r\n\r\nБез парафіну та шкідливих добавок\r\n\r\nДля приміщень\r\n\r\nУ великій стильній скляній банці, готова до подарунка\r\n\r\nПереваги Cereria Molla:\r\n\r\n100% натуральність і безпечність\r\n\r\nРучна робота та багаторічні традиції\r\n\r\nВишукане оформлення\r\n\r\nСтворює атмосферу свіжості, легкості та комфорту",
    "description_ru": "Cereria Molla Tea & Lemongrass XL 600 г\r\n\r\nCereria Molla – семейная испанская мастерская с 1899 года, которая вручную производит ароматические свечи и диффузоры. Более столетняя история бренда гарантирует высокое качество и изысканные ароматы.\r\n\r\nTea & Lemongrass XL – освежающий легкий аромат, сочетающий нежность чая с цитрусовыми нотами лемонграса. Композиция создает атмосферу покоя, свежести и гармонии, наполняя простор чувством чистоты и энергии.\r\n\r\nАромат:\r\n\r\nВерхние ноты: лемонграсс\r\n\r\nСердце аромата: чай\r\n\r\nБазовые ноты: легкие травяные и цитрусовые аккорды\r\n\r\nХарактеристики:\r\n\r\nВес: 600 г (XL)\r\n\r\nВремя горения: ≈ 120–130 часов\r\n\r\nНатуральный воск и ароматические масла\r\n\r\nБез парафина и вредных добавок\r\n\r\nДля помещений\r\n\r\nВ большой стильной стеклянной банке готова к подарку.\r\n\r\nПреимущества Cereria Molla:\r\n\r\n100% натуральность и безопасность\r\n\r\nРучная работа и многолетние традиции\r\n\r\nИзысканное оформление\r\n\r\nСоздает атмосферу свежести, легкости и комфорта",
    "price": "3357.90",
    "image": "candles/1_l6GpQxl.png",
    "image2": "candles/2_xcoV42f.png",
    "image3": "candles/3_7o6oT3R.png",
    "category": 2,
    "order": 1,
    "is_hit": true,
    "is_on_sale": true,
    "discount_percent": 50,
    "collection": null
  }
},
{
  "model": "shop.order",
  "pk": 1,
  "fields": {
    "full_name": "Пащенко Станислав",
    "phone": "+380934144277",
    "email": "snobys911@gmail.com",
    "city": "м. Дніпро, Дніпропетровська обл.",
    "warehouse": "Отделение №1 - Відділення №1: вул. Сонячна Набережна, 114",
    "payment_method": "card",
    "notes": "",
    "agree_to_terms": true,
    "created_at": "2026-02-13T18:40:46.750Z",
    "updated_at": "2026-02-13T18:40:46.750Z",
    "status": "new"
  }
},
{
  "model": "shop.order",
  "pk": 2,
  "fields": {
    "full_name": "Пащенко Станислав",
    "phone": "+380934144277",
    "email": "snobys911@gmail.com",
    "city": "м. Дніпро, Дніпропетровська обл.",
    "warehouse": "Отделение №1 - Відділення №1: вул. Сонячна Набережна, 114",
    "payment_method": "card",
    "notes": "",
    "agree_to_terms": true,
    "created_at": "2026-02-13T18:50:50.480Z",
    "updated_at": "2026-02-13T18:50:50.480Z",
    "status": "new"
  }
},
{
  "model": "shop.order",
  "pk": 3,
  "fields": {
    "full_name": "Пащенко Станислав",
    "phone": "+380934144277",
    "email": "snobys911@gmail.com",
    "city": "м. Дніпро, Дніпропетровська обл.",
    "warehouse": "Отделение №1 - Відділення №1: вул. Сонячна Набережна, 114",
    "payment_method": "card",
    "notes": "",
    "agree_to_terms": true,
    "created_at": "2026-02-13T18:54:21.891Z",
    "updated_at": "2026-02-13T18:54:21.891Z",
    "status": "new"
  }
},
{
  "model": "shop.order",
  "pk": 4,
  "fields": {
    "full_name": "Пащенко Станислав",
    "phone": "+380934144277",
    "email": "snobys911@gmail.com",
    "city": "м. Дніпро, Дніпропетровська обл.",
    "warehouse": "Отделение №1 - Відділення №1: вул. Сонячна Набережна, 114",
    "payment_method": "card",
    "notes": "",
    "agree_to_terms": true,
    "created_at": "2026-02-13T18:55:58.679Z",
    "updated_at": "2026-02-13T18:55:58.679Z",
    "status": "new"
  }
},
{
  "model": "shop.order",
  "pk": 5,
  "fields": {
    "full_name": "Пащенко Станислав",
    "phone": "+380934144277",
    "email": "snobys911@gmail.com",
    "city": "м. Дніпро, Дніпропетровська обл.",
    "warehouse": "Отделение №1 - Відділення №1: вул. Сонячна Набережна, 114",
    "payment_method": "card",
    "notes": "",
    "agree_to_terms": true,
    "created_at": "2026-02-13T19:05:21.892Z",
    "updated_at": "2026-02-13T19:05:21.893Z",
    "status": "new"
  }
},
{
  "model": "shop.orderitem",
  "pk": 1,
  "fields": {
    "order": 1,
    "candle": 2,
    "quantity": 1,
    "price": "305.29"
  }
},
{
  "model": "shop.orderitem",
  "pk": 2,
  "fields": {
    "order": 2,
    "candle": 2,
    "quantity": 1,
    "price": "305.29"
  }
},
{
  "model": "shop.orderitem",
  "pk": 3,
  "fields": {
    "order": 3,
    "candle": 7,
    "quantity": 1,
    "price": "241.79"
  }
},
{
  "model": "shop.orderitem",
  "pk": 4,
  "fields": {
    "order": 4,
    "candle": 7,
    "quantity": 1,
    "price": "241.79"
  }
},
{
  "model": "shop.orderitem",
  "pk": 5,
  "fields": {
    "order": 5,
    "candle": 2,
    "quantity": 1,
    "price": "305.29"
  }
}
]
